Date,Region,Customer Satisfaction Score,NPS Score
2024/1/1,Beijing,3,0
2024/1/2,Beijing,2,58
2024/1/3,Beijing,1,22
2024/1/4,Beijing,1,-14
2024/1/5,Beijing,1,83
2024/1/6,Beijing,3,46
2024/1/7,Beijing,3,64
2024/1/8,Beijing,1,-45
2024/1/9,Beijing,4,30
2024/1/10,Beijing,2,3
2024/1/11,Beijing,4,89
2024/1/12,Beijing,2,17
2024/1/13,Beijing,2,79
2024/1/14,Beijing,4,50
2024/1/15,Beijing,3,19
2024/1/16,Beijing,1,-26
2024/1/17,Beijing,4,31
2024/1/18,Beijing,2,3
2024/1/19,Beijing,1,68
2024/1/20,Beijing,2,-37
2024/1/21,Beijing,4,88
2024/1/22,Beijing,4,8
2024/1/23,Beijing,4,92
2024/1/24,Beijing,2,-15
2024/1/25,Beijing,2,78
2024/1/26,Beijing,2,94
2024/1/27,Beijing,1,54
2024/1/28,Beijing,2,65
2024/1/29,Beijing,3,30
2024/1/30,Beijing,4,-33
2024/1/31,Beijing,2,66
2024/2/1,Beijing,4,60
2024/2/2,Beijing,2,46
2024/2/3,Beijing,2,77
2024/2/4,Beijing,2,15
2024/2/5,Beijing,4,13
2024/2/6,Beijing,3,28
2024/2/7,Beijing,1,89
2024/2/8,Beijing,4,-44
2024/2/9,Beijing,4,64
2024/2/10,Beijing,1,62
2024/2/11,Beijing,3,-28
2024/2/12,Beijing,2,53
2024/2/13,Beijing,1,27
2024/2/14,Beijing,4,83
2024/2/15,Beijing,2,97
2024/2/16,Beijing,3,9
2024/2/17,Beijing,4,32
2024/2/18,Beijing,4,90
2024/2/19,Beijing,4,5
2024/2/20,Beijing,4,45
2024/2/21,Beijing,1,37
2024/2/22,Beijing,2,93
2024/2/23,Beijing,3,-8
2024/2/24,Beijing,4,86
2024/2/25,Beijing,4,44
2024/2/26,Beijing,2,47
2024/2/27,Beijing,2,26
2024/2/28,Beijing,3,58
2024/3/1,Beijing,1,81
2024/3/2,Beijing,1,-6
2024/3/3,Beijing,3,99
2024/3/4,Beijing,3,27
2024/3/5,Beijing,3,76
2024/3/6,Beijing,3,97
2024/3/7,Beijing,1,-12
2024/3/8,Beijing,3,72
2024/3/9,Beijing,4,14
2024/3/10,Beijing,2,-24
2024/3/11,Beijing,4,-11
2024/3/12,Beijing,4,-29
2024/3/13,Beijing,3,-8
2024/3/14,Beijing,1,-32
2024/3/15,Beijing,2,-29
2024/3/16,Beijing,1,-6
2024/3/17,Beijing,2,52
2024/3/18,Beijing,1,-11
2024/3/19,Beijing,2,7
2024/3/20,Beijing,4,-1
2024/3/21,Beijing,4,42
2024/3/22,Beijing,3,25
2024/3/23,Beijing,2,14
2024/3/24,Beijing,4,83
2024/3/25,Beijing,4,-24
2024/3/26,Beijing,2,26
2024/3/27,Beijing,3,50
2024/3/28,Beijing,4,-18
2024/3/29,Beijing,2,-9
2024/3/30,Beijing,4,38
2024/3/31,Beijing,3,94
2024/4/1,Beijing,2,-46
2024/4/2,Beijing,1,65
2024/4/3,Beijing,4,-49
2024/4/4,Beijing,1,61
2024/4/5,Beijing,1,65
2024/4/6,Beijing,2,53
2024/4/7,Beijing,3,47
2024/4/8,Beijing,2,18
2024/4/9,Beijing,1,63
2024/4/10,Beijing,1,29
2024/4/11,Beijing,1,47
2024/4/12,Beijing,1,-20
2024/4/13,Beijing,1,-14
2024/4/14,Beijing,3,79
2024/4/15,Beijing,2,27
2024/4/16,Beijing,1,-25
2024/4/17,Beijing,2,80
2024/4/18,Beijing,1,11
2024/4/19,Beijing,3,31
2024/4/20,Beijing,2,-43
2024/4/21,Beijing,2,99
2024/4/22,Beijing,2,58
2024/4/23,Beijing,2,-20
2024/4/24,Beijing,1,84
2024/4/25,Beijing,4,33
2024/4/26,Beijing,2,-23
2024/4/27,Beijing,3,91
2024/4/28,Beijing,2,64
2024/4/29,Beijing,3,88
2024/4/30,Beijing,1,68
2024/5/1,Beijing,4,86
2024/5/2,Beijing,1,83
2024/5/3,Beijing,3,12
2024/5/4,Beijing,4,-6
2024/5/5,Beijing,2,66
2024/5/6,Beijing,4,74
2024/5/7,Beijing,3,62
2024/5/8,Beijing,2,96
2024/5/9,Beijing,1,57
2024/5/10,Beijing,4,59
2024/5/11,Beijing,1,55
2024/5/12,Beijing,2,74
2024/5/13,Beijing,4,10
2024/5/14,Beijing,3,48
2024/5/15,Beijing,4,97
2024/5/16,Beijing,3,47
2024/5/17,Beijing,3,-24
2024/5/18,Beijing,1,34
2024/5/19,Beijing,2,18
2024/5/20,Beijing,4,-18
2024/5/21,Beijing,1,48
2024/5/22,Beijing,4,11
2024/5/23,Beijing,4,-10
2024/5/24,Beijing,3,-14
2024/5/25,Beijing,1,53
2024/5/26,Beijing,1,52
2024/5/27,Beijing,3,-47
2024/5/28,Beijing,1,-29
2024/5/29,Beijing,3,30
2024/5/30,Beijing,2,47
2024/5/31,Beijing,2,65
2024/6/1,Beijing,2,-39
2024/6/2,Beijing,4,79
2024/6/3,Beijing,3,93
2024/6/4,Beijing,2,64
2024/6/5,Beijing,3,-38
2024/6/6,Beijing,2,-18
2024/6/7,Beijing,1,95
2024/6/8,Beijing,3,30
2024/6/9,Beijing,3,-27
2024/6/10,Beijing,3,74
2024/6/11,Beijing,4,8
2024/6/12,Beijing,3,-16
2024/6/13,Beijing,1,-50
2024/6/14,Beijing,2,80
2024/6/15,Beijing,3,78
2024/6/16,Beijing,4,-19
2024/6/17,Beijing,3,53
2024/6/18,Beijing,2,-12
2024/6/19,Beijing,1,-20
2024/6/20,Beijing,1,14
2024/6/21,Beijing,2,58
2024/6/22,Beijing,2,55
2024/6/23,Beijing,3,-29
2024/6/24,Beijing,1,87
2024/6/25,Beijing,3,-21
2024/6/26,Beijing,3,-49
2024/6/27,Beijing,3,18
2024/6/28,Beijing,1,-48
2024/6/29,Beijing,3,-21
2024/1/1,Shanghai,3,-4
2024/1/2,Shanghai,3,3
2024/1/3,Shanghai,1,3
2024/1/4,Shanghai,1,51
2024/1/5,Shanghai,2,22
2024/1/6,Shanghai,2,35
2024/1/7,Shanghai,3,-40
2024/1/8,Shanghai,3,-24
2024/1/9,Shanghai,4,34
2024/1/10,Shanghai,1,74
2024/1/11,Shanghai,3,82
2024/1/12,Shanghai,1,76
2024/1/13,Shanghai,4,-38
2024/1/14,Shanghai,4,51
2024/1/15,Shanghai,3,51
2024/1/16,Shanghai,1,46
2024/1/17,Shanghai,4,52
2024/1/18,Shanghai,3,66
2024/1/19,Shanghai,4,60
2024/1/20,Shanghai,4,24
2024/1/21,Shanghai,4,9
2024/1/22,Shanghai,1,-28
2024/1/23,Shanghai,2,84
2024/1/24,Shanghai,2,54
2024/1/25,Shanghai,1,25
2024/1/26,Shanghai,1,79
2024/1/27,Shanghai,3,-15
2024/1/28,Shanghai,3,91
2024/1/29,Shanghai,2,19
2024/1/30,Shanghai,4,-9
2024/1/31,Shanghai,2,29
2024/2/1,Shanghai,2,69
2024/2/2,Shanghai,3,24
2024/2/3,Shanghai,2,76
2024/2/4,Shanghai,3,82
2024/2/5,Shanghai,2,-25
2024/2/6,Shanghai,2,92
2024/2/7,Shanghai,2,27
2024/2/8,Shanghai,4,50
2024/2/9,Shanghai,2,-3
2024/2/10,Shanghai,2,2
2024/2/11,Shanghai,2,36
2024/2/12,Shanghai,1,-34
2024/2/13,Shanghai,2,40
2024/2/14,Shanghai,3,71
2024/2/15,Shanghai,1,22
2024/2/16,Shanghai,3,14
2024/2/17,Shanghai,3,20
2024/2/18,Shanghai,4,-2
2024/2/19,Shanghai,1,17
2024/2/20,Shanghai,4,53
2024/2/21,Shanghai,3,-15
2024/2/22,Shanghai,2,8
2024/2/23,Shanghai,2,-35
2024/2/24,Shanghai,3,31
2024/2/25,Shanghai,4,10
2024/2/26,Shanghai,3,62
2024/2/27,Shanghai,4,96
2024/2/28,Shanghai,1,96
2024/3/1,Shanghai,2,3
2024/3/2,Shanghai,3,51
2024/3/3,Shanghai,1,80
2024/3/4,Shanghai,2,50
2024/3/5,Shanghai,4,7
2024/3/6,Shanghai,4,51
2024/3/7,Shanghai,3,29
2024/3/8,Shanghai,2,73
2024/3/9,Shanghai,1,20
2024/3/10,Shanghai,2,7
2024/3/11,Shanghai,3,3
2024/3/12,Shanghai,2,46
2024/3/13,Shanghai,2,-37
2024/3/14,Shanghai,3,59
2024/3/15,Shanghai,3,51
2024/3/16,Shanghai,4,-15
2024/3/17,Shanghai,2,81
2024/3/18,Shanghai,3,67
2024/3/19,Shanghai,3,-48
2024/3/20,Shanghai,2,49
2024/3/21,Shanghai,1,16
2024/3/22,Shanghai,3,48
2024/3/23,Shanghai,2,56
2024/3/24,Shanghai,2,55
2024/3/25,Shanghai,1,19
2024/3/26,Shanghai,4,25
2024/3/27,Shanghai,3,6
2024/3/28,Shanghai,3,61
2024/3/29,Shanghai,4,64
2024/3/30,Shanghai,2,41
2024/3/31,Shanghai,4,20
2024/4/1,Shanghai,2,-37
2024/4/2,Shanghai,3,17
2024/4/3,Shanghai,3,28
2024/4/4,Shanghai,4,45
2024/4/5,Shanghai,3,83
2024/4/6,Shanghai,4,-36
2024/4/7,Shanghai,4,83
2024/4/8,Shanghai,4,-39
2024/4/9,Shanghai,4,42
2024/4/10,Shanghai,1,-44
2024/4/11,Shanghai,4,77
2024/4/12,Shanghai,3,-10
2024/4/13,Shanghai,1,-41
2024/4/14,Shanghai,3,28
2024/4/15,Shanghai,1,86
2024/4/16,Shanghai,4,-49
2024/4/17,Shanghai,4,13
2024/4/18,Shanghai,1,28
2024/4/19,Shanghai,3,63
2024/4/20,Shanghai,3,66
2024/4/21,Shanghai,2,89
2024/4/22,Shanghai,1,-29
2024/4/23,Shanghai,1,-34
2024/4/24,Shanghai,3,-47
2024/4/25,Shanghai,2,37
2024/4/26,Shanghai,2,-22
2024/4/27,Shanghai,4,70
2024/4/28,Shanghai,2,-7
2024/4/29,Shanghai,1,-1
2024/4/30,Shanghai,3,-3
2024/5/1,Shanghai,3,-18
2024/5/2,Shanghai,2,-42
2024/5/3,Shanghai,1,79
2024/5/4,Shanghai,4,7
2024/5/5,Shanghai,4,-11
2024/5/6,Shanghai,2,60
2024/5/7,Shanghai,3,5
2024/5/8,Shanghai,3,56
2024/5/9,Shanghai,2,-3
2024/5/10,Shanghai,4,0
2024/5/11,Shanghai,2,77
2024/5/12,Shanghai,4,38
2024/5/13,Shanghai,2,56
2024/5/14,Shanghai,4,7
2024/5/15,Shanghai,1,-38
2024/5/16,Shanghai,2,0
2024/5/17,Shanghai,1,-47
2024/5/18,Shanghai,4,-10
2024/5/19,Shanghai,2,15
2024/5/20,Shanghai,3,-34
2024/5/21,Shanghai,4,44
2024/5/22,Shanghai,4,55
2024/5/23,Shanghai,3,-21
2024/5/24,Shanghai,3,-50
2024/5/25,Shanghai,2,72
2024/5/26,Shanghai,2,1
2024/5/27,Shanghai,4,67
2024/5/28,Shanghai,4,61
2024/5/29,Shanghai,1,70
2024/5/30,Shanghai,4,60
2024/5/31,Shanghai,3,-32
2024/6/1,Shanghai,4,7
2024/6/2,Shanghai,3,11
2024/6/3,Shanghai,1,-10
2024/6/4,Shanghai,4,96
2024/6/5,Shanghai,2,77
2024/6/6,Shanghai,2,30
2024/6/7,Shanghai,2,-5
2024/6/8,Shanghai,1,-9
2024/6/9,Shanghai,2,65
2024/6/10,Shanghai,1,-15
2024/6/11,Shanghai,3,62
2024/6/12,Shanghai,1,51
2024/6/13,Shanghai,1,16
2024/6/14,Shanghai,2,2
2024/6/15,Shanghai,1,-22
2024/6/16,Shanghai,4,70
2024/6/17,Shanghai,3,94
2024/6/18,Shanghai,3,96
2024/6/19,Shanghai,1,49
2024/6/20,Shanghai,2,26
2024/6/21,Shanghai,4,44
2024/6/22,Shanghai,4,62
2024/6/23,Shanghai,3,98
2024/6/24,Shanghai,1,51
2024/6/25,Shanghai,4,44
2024/6/26,Shanghai,2,-7
2024/6/27,Shanghai,3,54
2024/6/28,Shanghai,1,-20
2024/6/29,Shanghai,2,-50
2024/1/1,Guangdong,4,-19
2024/1/2,Guangdong,3,24
2024/1/3,Guangdong,2,53
2024/1/4,Guangdong,3,-49
2024/1/5,Guangdong,1,-20
2024/1/6,Guangdong,4,93
2024/1/7,Guangdong,2,43
2024/1/8,Guangdong,1,49
2024/1/9,Guangdong,1,51
2024/1/10,Guangdong,3,56
2024/1/11,Guangdong,2,92
2024/1/12,Guangdong,2,-4
2024/1/13,Guangdong,3,32
2024/1/14,Guangdong,2,-43
2024/1/15,Guangdong,4,66
2024/1/16,Guangdong,3,46
2024/1/17,Guangdong,2,58
2024/1/18,Guangdong,4,-23
2024/1/19,Guangdong,1,-18
2024/1/20,Guangdong,1,-45
2024/1/21,Guangdong,1,43
2024/1/22,Guangdong,4,52
2024/1/23,Guangdong,2,33
2024/1/24,Guangdong,1,-30
2024/1/25,Guangdong,2,3
2024/1/26,Guangdong,2,46
2024/1/27,Guangdong,4,86
2024/1/28,Guangdong,3,14
2024/1/29,Guangdong,4,9
2024/1/30,Guangdong,2,10
2024/1/31,Guangdong,2,4
2024/2/1,Guangdong,2,14
2024/2/2,Guangdong,3,-23
2024/2/3,Guangdong,2,-9
2024/2/4,Guangdong,3,-23
2024/2/5,Guangdong,4,83
2024/2/6,Guangdong,3,18
2024/2/7,Guangdong,4,68
2024/2/8,Guangdong,4,-20
2024/2/9,Guangdong,3,23
2024/2/10,Guangdong,1,18
2024/2/11,Guangdong,4,33
2024/2/12,Guangdong,3,-27
2024/2/13,Guangdong,3,-29
2024/2/14,Guangdong,1,51
2024/2/15,Guangdong,3,22
2024/2/16,Guangdong,3,-30
2024/2/17,Guangdong,1,67
2024/2/18,Guangdong,2,89
2024/2/19,Guangdong,1,-41
2024/2/20,Guangdong,2,-30
2024/2/21,Guangdong,1,91
2024/2/22,Guangdong,3,17
2024/2/23,Guangdong,1,-24
2024/2/24,Guangdong,1,-42
2024/2/25,Guangdong,3,-18
2024/2/26,Guangdong,2,61
2024/2/27,Guangdong,4,69
2024/2/28,Guangdong,1,16
2024/3/1,Guangdong,1,65
2024/3/2,Guangdong,1,-39
2024/3/3,Guangdong,4,14
2024/3/4,Guangdong,2,49
2024/3/5,Guangdong,2,-39
2024/3/6,Guangdong,2,31
2024/3/7,Guangdong,2,-39
2024/3/8,Guangdong,3,83
2024/3/9,Guangdong,3,-9
2024/3/10,Guangdong,2,3
2024/3/11,Guangdong,1,56
2024/3/12,Guangdong,4,53
2024/3/13,Guangdong,3,-47
2024/3/14,Guangdong,2,5
2024/3/15,Guangdong,1,-8
2024/3/16,Guangdong,2,4
2024/3/17,Guangdong,2,-20
2024/3/18,Guangdong,4,5
2024/3/19,Guangdong,3,13
2024/3/20,Guangdong,4,24
2024/3/21,Guangdong,2,2
2024/3/22,Guangdong,1,65
2024/3/23,Guangdong,3,41
2024/3/24,Guangdong,1,32
2024/3/25,Guangdong,3,-18
2024/3/26,Guangdong,2,-43
2024/3/27,Guangdong,2,1
2024/3/28,Guangdong,1,60
2024/3/29,Guangdong,1,70
2024/3/30,Guangdong,4,-40
2024/3/31,Guangdong,1,39
2024/4/1,Guangdong,4,48
2024/4/2,Guangdong,2,-26
2024/4/3,Guangdong,1,79
2024/4/4,Guangdong,1,-19
2024/4/5,Guangdong,2,-50
2024/4/6,Guangdong,1,91
2024/4/7,Guangdong,2,88
2024/4/8,Guangdong,4,34
2024/4/9,Guangdong,1,-43
2024/4/10,Guangdong,3,69
2024/4/11,Guangdong,2,56
2024/4/12,Guangdong,1,73
2024/4/13,Guangdong,2,-39
2024/4/14,Guangdong,3,21
2024/4/15,Guangdong,3,12
2024/4/16,Guangdong,2,-23
2024/4/17,Guangdong,4,-32
2024/4/18,Guangdong,4,32
2024/4/19,Guangdong,1,62
2024/4/20,Guangdong,4,-6
2024/4/21,Guangdong,2,35
2024/4/22,Guangdong,2,57
2024/4/23,Guangdong,2,85
2024/4/24,Guangdong,1,37
2024/4/25,Guangdong,4,27
2024/4/26,Guangdong,1,17
2024/4/27,Guangdong,2,90
2024/4/28,Guangdong,4,-49
2024/4/29,Guangdong,2,47
2024/4/30,Guangdong,4,73
2024/5/1,Guangdong,3,85
2024/5/2,Guangdong,4,-1
2024/5/3,Guangdong,2,35
2024/5/4,Guangdong,2,17
2024/5/5,Guangdong,3,81
2024/5/6,Guangdong,1,65
2024/5/7,Guangdong,2,-26
2024/5/8,Guangdong,3,-10
2024/5/9,Guangdong,2,76
2024/5/10,Guangdong,3,19
2024/5/11,Guangdong,3,29
2024/5/12,Guangdong,2,-26
2024/5/13,Guangdong,1,81
2024/5/14,Guangdong,3,88
2024/5/15,Guangdong,1,-4
2024/5/16,Guangdong,1,40
2024/5/17,Guangdong,3,-42
2024/5/18,Guangdong,1,-25
2024/5/19,Guangdong,4,-49
2024/5/20,Guangdong,4,40
2024/5/21,Guangdong,1,-1
2024/5/22,Guangdong,2,61
2024/5/23,Guangdong,1,-28
2024/5/24,Guangdong,2,-47
2024/5/25,Guangdong,1,-10
2024/5/26,Guangdong,4,83
2024/5/27,Guangdong,2,33
2024/5/28,Guangdong,3,38
2024/5/29,Guangdong,2,51
2024/5/30,Guangdong,3,52
2024/5/31,Guangdong,2,83
2024/6/1,Guangdong,4,-17
2024/6/2,Guangdong,4,55
2024/6/3,Guangdong,2,18
2024/6/4,Guangdong,2,-38
2024/6/5,Guangdong,4,60
2024/6/6,Guangdong,1,-40
2024/6/7,Guangdong,1,34
2024/6/8,Guangdong,2,24
2024/6/9,Guangdong,4,1
2024/6/10,Guangdong,2,-47
2024/6/11,Guangdong,4,-3
2024/6/12,Guangdong,4,24
2024/6/13,Guangdong,4,10
2024/6/14,Guangdong,2,26
2024/6/15,Guangdong,1,8
2024/6/16,Guangdong,4,94
2024/6/17,Guangdong,3,3
2024/6/18,Guangdong,1,-32
2024/6/19,Guangdong,4,30
2024/6/20,Guangdong,2,-7
2024/6/21,Guangdong,4,17
2024/6/22,Guangdong,4,85
2024/6/23,Guangdong,1,9
2024/6/24,Guangdong,4,-47
2024/6/25,Guangdong,1,93
2024/6/26,Guangdong,4,36
2024/6/27,Guangdong,3,35
2024/6/28,Guangdong,4,53
2024/6/29,Guangdong,3,8
2024/1/1,Shenzhen,2,44
2024/1/2,Shenzhen,2,-42
2024/1/3,Shenzhen,3,92
2024/1/4,Shenzhen,1,46
2024/1/5,Shenzhen,4,16
2024/1/6,Shenzhen,1,-49
2024/1/7,Shenzhen,2,41
2024/1/8,Shenzhen,1,31
2024/1/9,Shenzhen,4,88
2024/1/10,Shenzhen,1,28
2024/1/11,Shenzhen,2,70
2024/1/12,Shenzhen,1,74
2024/1/13,Shenzhen,4,-24
2024/1/14,Shenzhen,3,-15
2024/1/15,Shenzhen,2,-11
2024/1/16,Shenzhen,4,23
2024/1/17,Shenzhen,3,-11
2024/1/18,Shenzhen,1,77
2024/1/19,Shenzhen,4,14
2024/1/20,Shenzhen,1,30
2024/1/21,Shenzhen,2,31
2024/1/22,Shenzhen,2,95
2024/1/23,Shenzhen,1,-35
2024/1/24,Shenzhen,2,-9
2024/1/25,Shenzhen,1,87
2024/1/26,Shenzhen,4,1
2024/1/27,Shenzhen,4,24
2024/1/28,Shenzhen,3,2
2024/1/29,Shenzhen,2,34
2024/1/30,Shenzhen,4,44
2024/1/31,Shenzhen,4,41
2024/2/1,Shenzhen,2,23
2024/2/2,Shenzhen,3,30
2024/2/3,Shenzhen,3,28
2024/2/4,Shenzhen,2,-39
2024/2/5,Shenzhen,1,99
2024/2/6,Shenzhen,2,2
2024/2/7,Shenzhen,4,56
2024/2/8,Shenzhen,2,-26
2024/2/9,Shenzhen,3,34
2024/2/10,Shenzhen,2,80
2024/2/11,Shenzhen,2,65
2024/2/12,Shenzhen,1,59
2024/2/13,Shenzhen,1,20
2024/2/14,Shenzhen,1,-1
2024/2/15,Shenzhen,4,-11
2024/2/16,Shenzhen,1,74
2024/2/17,Shenzhen,3,30
2024/2/18,Shenzhen,3,-10
2024/2/19,Shenzhen,1,-44
2024/2/20,Shenzhen,3,35
2024/2/21,Shenzhen,4,43
2024/2/22,Shenzhen,2,21
2024/2/23,Shenzhen,2,47
2024/2/24,Shenzhen,1,68
2024/2/25,Shenzhen,4,-19
2024/2/26,Shenzhen,3,-5
2024/2/27,Shenzhen,1,69
2024/2/28,Shenzhen,4,65
2024/3/1,Shenzhen,4,93
2024/3/2,Shenzhen,4,30
2024/3/3,Shenzhen,4,14
2024/3/4,Shenzhen,3,-32
2024/3/5,Shenzhen,1,-28
2024/3/6,Shenzhen,3,70
2024/3/7,Shenzhen,4,89
2024/3/8,Shenzhen,1,31
2024/3/9,Shenzhen,3,4
2024/3/10,Shenzhen,3,53
2024/3/11,Shenzhen,4,12
2024/3/12,Shenzhen,3,-28
2024/3/13,Shenzhen,3,85
2024/3/14,Shenzhen,2,-22
2024/3/15,Shenzhen,4,-27
2024/3/16,Shenzhen,3,23
2024/3/17,Shenzhen,2,62
2024/3/18,Shenzhen,2,84
2024/3/19,Shenzhen,4,63
2024/3/20,Shenzhen,4,59
2024/3/21,Shenzhen,1,1
2024/3/22,Shenzhen,4,79
2024/3/23,Shenzhen,3,-49
2024/3/24,Shenzhen,3,49
2024/3/25,Shenzhen,2,-49
2024/3/26,Shenzhen,3,-34
2024/3/27,Shenzhen,1,46
2024/3/28,Shenzhen,2,96
2024/3/29,Shenzhen,1,-23
2024/3/30,Shenzhen,4,96
2024/3/31,Shenzhen,1,0
2024/4/1,Shenzhen,4,18
2024/4/2,Shenzhen,4,86
2024/4/3,Shenzhen,1,-19
2024/4/4,Shenzhen,2,-20
2024/4/5,Shenzhen,3,-20
2024/4/6,Shenzhen,1,-23
2024/4/7,Shenzhen,3,86
2024/4/8,Shenzhen,2,-26
2024/4/9,Shenzhen,2,72
2024/4/10,Shenzhen,1,92
2024/4/11,Shenzhen,2,-3
2024/4/12,Shenzhen,3,66
2024/4/13,Shenzhen,2,29
2024/4/14,Shenzhen,4,43
2024/4/15,Shenzhen,4,61
2024/4/16,Shenzhen,2,86
2024/4/17,Shenzhen,2,74
2024/4/18,Shenzhen,1,42
2024/4/19,Shenzhen,3,-29
2024/4/20,Shenzhen,1,69
2024/4/21,Shenzhen,2,44
2024/4/22,Shenzhen,2,-40
2024/4/23,Shenzhen,2,-18
2024/4/24,Shenzhen,3,67
2024/4/25,Shenzhen,3,-13
2024/4/26,Shenzhen,1,32
2024/4/27,Shenzhen,1,-46
2024/4/28,Shenzhen,2,-21
2024/4/29,Shenzhen,2,20
2024/4/30,Shenzhen,4,17
2024/5/1,Shenzhen,3,28
2024/5/2,Shenzhen,2,-28
2024/5/3,Shenzhen,4,-6
2024/5/4,Shenzhen,3,-22
2024/5/5,Shenzhen,3,48
2024/5/6,Shenzhen,4,43
2024/5/7,Shenzhen,3,-45
2024/5/8,Shenzhen,1,60
2024/5/9,Shenzhen,3,32
2024/5/10,Shenzhen,4,-23
2024/5/11,Shenzhen,2,-16
2024/5/12,Shenzhen,2,26
2024/5/13,Shenzhen,1,0
2024/5/14,Shenzhen,4,-3
2024/5/15,Shenzhen,3,50
2024/5/16,Shenzhen,2,-22
2024/5/17,Shenzhen,1,88
2024/5/18,Shenzhen,2,80
2024/5/19,Shenzhen,3,8
2024/5/20,Shenzhen,1,-33
2024/5/21,Shenzhen,4,97
2024/5/22,Shenzhen,2,26
2024/5/23,Shenzhen,4,-48
2024/5/24,Shenzhen,3,-24
2024/5/25,Shenzhen,2,8
2024/5/26,Shenzhen,2,-32
2024/5/27,Shenzhen,1,26
2024/5/28,Shenzhen,1,99
2024/5/29,Shenzhen,2,23
2024/5/30,Shenzhen,4,28
2024/5/31,Shenzhen,2,96
2024/6/1,Shenzhen,2,-47
2024/6/2,Shenzhen,1,53
2024/6/3,Shenzhen,2,91
2024/6/4,Shenzhen,2,43
2024/6/5,Shenzhen,3,-25
2024/6/6,Shenzhen,3,85
2024/6/7,Shenzhen,2,48
2024/6/8,Shenzhen,2,91
2024/6/9,Shenzhen,1,-31
2024/6/10,Shenzhen,4,11
2024/6/11,Shenzhen,2,36
2024/6/12,Shenzhen,2,19
2024/6/13,Shenzhen,1,75
2024/6/14,Shenzhen,1,5
2024/6/15,Shenzhen,1,75
2024/6/16,Shenzhen,2,-42
2024/6/17,Shenzhen,3,45
2024/6/18,Shenzhen,4,58
2024/6/19,Shenzhen,2,53
2024/6/20,Shenzhen,1,82
2024/6/21,Shenzhen,1,-27
2024/6/22,Shenzhen,2,-6
2024/6/23,Shenzhen,2,79
2024/6/24,Shenzhen,4,64
2024/6/25,Shenzhen,3,55
2024/6/26,Shenzhen,3,39
2024/6/27,Shenzhen,4,54
2024/6/28,Shenzhen,4,-5
2024/6/29,Shenzhen,4,30
2024/1/1,Zhejiang,4,85
2024/1/2,Zhejiang,1,35
2024/1/3,Zhejiang,1,-21
2024/1/4,Zhejiang,1,46
2024/1/5,Zhejiang,1,49
2024/1/6,Zhejiang,2,5
2024/1/7,Zhejiang,1,-37
2024/1/8,Zhejiang,2,60
2024/1/9,Zhejiang,3,19
2024/1/10,Zhejiang,4,86
2024/1/11,Zhejiang,2,38
2024/1/12,Zhejiang,3,-35
2024/1/13,Zhejiang,4,0
2024/1/14,Zhejiang,3,92
2024/1/15,Zhejiang,2,63
2024/1/16,Zhejiang,1,-20
2024/1/17,Zhejiang,1,-43
2024/1/18,Zhejiang,2,7
2024/1/19,Zhejiang,4,-22
2024/1/20,Zhejiang,3,5
2024/1/21,Zhejiang,2,97
2024/1/22,Zhejiang,3,72
2024/1/23,Zhejiang,4,-8
2024/1/24,Zhejiang,2,-22
2024/1/25,Zhejiang,2,-25
2024/1/26,Zhejiang,1,55
2024/1/27,Zhejiang,3,-43
2024/1/28,Zhejiang,1,31
2024/1/29,Zhejiang,1,95
2024/1/30,Zhejiang,1,-15
2024/1/31,Zhejiang,2,59
2024/2/1,Zhejiang,3,-22
2024/2/2,Zhejiang,3,88
2024/2/3,Zhejiang,3,-31
2024/2/4,Zhejiang,4,23
2024/2/5,Zhejiang,1,9
2024/2/6,Zhejiang,3,6
2024/2/7,Zhejiang,3,30
2024/2/8,Zhejiang,1,-23
2024/2/9,Zhejiang,2,45
2024/2/10,Zhejiang,1,-21
2024/2/11,Zhejiang,3,77
2024/2/12,Zhejiang,4,-29
2024/2/13,Zhejiang,4,-15
2024/2/14,Zhejiang,2,-13
2024/2/15,Zhejiang,1,64
2024/2/16,Zhejiang,1,41
2024/2/17,Zhejiang,4,14
2024/2/18,Zhejiang,3,48
2024/2/19,Zhejiang,1,-32
2024/2/20,Zhejiang,4,7
2024/2/21,Zhejiang,1,-15
2024/2/22,Zhejiang,4,36
2024/2/23,Zhejiang,3,8
2024/2/24,Zhejiang,1,-11
2024/2/25,Zhejiang,2,2
2024/2/26,Zhejiang,4,-8
2024/2/27,Zhejiang,3,-45
2024/2/28,Zhejiang,3,-4
2024/3/1,Zhejiang,1,46
2024/3/2,Zhejiang,4,79
2024/3/3,Zhejiang,3,73
2024/3/4,Zhejiang,2,61
2024/3/5,Zhejiang,1,20
2024/3/6,Zhejiang,4,91
2024/3/7,Zhejiang,4,0
2024/3/8,Zhejiang,2,68
2024/3/9,Zhejiang,3,27
2024/3/10,Zhejiang,2,44
2024/3/11,Zhejiang,2,26
2024/3/12,Zhejiang,4,46
2024/3/13,Zhejiang,4,9
2024/3/14,Zhejiang,1,27
2024/3/15,Zhejiang,3,48
2024/3/16,Zhejiang,2,84
2024/3/17,Zhejiang,2,-3
2024/3/18,Zhejiang,3,2
2024/3/19,Zhejiang,2,-43
2024/3/20,Zhejiang,3,56
2024/3/21,Zhejiang,2,82
2024/3/22,Zhejiang,3,30
2024/3/23,Zhejiang,1,37
2024/3/24,Zhejiang,1,-44
2024/3/25,Zhejiang,4,55
2024/3/26,Zhejiang,3,39
2024/3/27,Zhejiang,4,87
2024/3/28,Zhejiang,4,-38
2024/3/29,Zhejiang,4,87
2024/3/30,Zhejiang,1,-2
2024/3/31,Zhejiang,2,49
2024/4/1,Zhejiang,3,61
2024/4/2,Zhejiang,2,-7
2024/4/3,Zhejiang,2,-34
2024/4/4,Zhejiang,3,-43
2024/4/5,Zhejiang,2,60
2024/4/6,Zhejiang,2,-2
2024/4/7,Zhejiang,2,-25
2024/4/8,Zhejiang,1,51
2024/4/9,Zhejiang,3,7
2024/4/10,Zhejiang,3,79
2024/4/11,Zhejiang,4,63
2024/4/12,Zhejiang,1,59
2024/4/13,Zhejiang,4,-34
2024/4/14,Zhejiang,1,72
2024/4/15,Zhejiang,2,22
2024/4/16,Zhejiang,2,-36
2024/4/17,Zhejiang,1,46
2024/4/18,Zhejiang,2,4
2024/4/19,Zhejiang,1,-23
2024/4/20,Zhejiang,3,27
2024/4/21,Zhejiang,2,15
2024/4/22,Zhejiang,2,1
2024/4/23,Zhejiang,4,-16
2024/4/24,Zhejiang,2,10
2024/4/25,Zhejiang,1,76
2024/4/26,Zhejiang,2,51
2024/4/27,Zhejiang,2,32
2024/4/28,Zhejiang,3,50
2024/4/29,Zhejiang,4,34
2024/4/30,Zhejiang,1,53
2024/5/1,Zhejiang,1,-11
2024/5/2,Zhejiang,4,82
2024/5/3,Zhejiang,2,58
2024/5/4,Zhejiang,2,15
2024/5/5,Zhejiang,3,86
2024/5/6,Zhejiang,1,-33
2024/5/7,Zhejiang,3,-40
2024/5/8,Zhejiang,1,-10
2024/5/9,Zhejiang,2,93
2024/5/10,Zhejiang,2,78
2024/5/11,Zhejiang,4,59
2024/5/12,Zhejiang,2,15
2024/5/13,Zhejiang,1,-3
2024/5/14,Zhejiang,3,74
2024/5/15,Zhejiang,2,-35
2024/5/16,Zhejiang,2,0
2024/5/17,Zhejiang,3,-33
2024/5/18,Zhejiang,1,84
2024/5/19,Zhejiang,2,42
2024/5/20,Zhejiang,1,70
2024/5/21,Zhejiang,2,-16
2024/5/22,Zhejiang,2,-15
2024/5/23,Zhejiang,2,84
2024/5/24,Zhejiang,1,8
2024/5/25,Zhejiang,2,-15
2024/5/26,Zhejiang,3,52
2024/5/27,Zhejiang,1,4
2024/5/28,Zhejiang,1,94
2024/5/29,Zhejiang,1,-39
2024/5/30,Zhejiang,4,40
2024/5/31,Zhejiang,3,5
2024/6/1,Zhejiang,2,26
2024/6/2,Zhejiang,4,48
2024/6/3,Zhejiang,4,-23
2024/6/4,Zhejiang,3,73
2024/6/5,Zhejiang,1,11
2024/6/6,Zhejiang,1,7
2024/6/7,Zhejiang,3,-46
2024/6/8,Zhejiang,2,84
2024/6/9,Zhejiang,3,63
2024/6/10,Zhejiang,2,57
2024/6/11,Zhejiang,2,73
2024/6/12,Zhejiang,3,84
2024/6/13,Zhejiang,2,77
2024/6/14,Zhejiang,1,99
2024/6/15,Zhejiang,3,6
2024/6/16,Zhejiang,3,34
2024/6/17,Zhejiang,4,-1
2024/6/18,Zhejiang,4,49
2024/6/19,Zhejiang,4,46
2024/6/20,Zhejiang,1,-9
2024/6/21,Zhejiang,3,-28
2024/6/22,Zhejiang,2,-36
2024/6/23,Zhejiang,2,85
2024/6/24,Zhejiang,1,59
2024/6/25,Zhejiang,3,59
2024/6/26,Zhejiang,3,-5
2024/6/27,Zhejiang,1,65
2024/6/28,Zhejiang,2,47
2024/6/29,Zhejiang,3,91
2024/1/1,Jiangsu,2,17
2024/1/2,Jiangsu,1,16
2024/1/3,Jiangsu,2,27
2024/1/4,Jiangsu,2,29
2024/1/5,Jiangsu,3,46
2024/1/6,Jiangsu,3,84
2024/1/7,Jiangsu,2,57
2024/1/8,Jiangsu,3,20
2024/1/9,Jiangsu,1,66
2024/1/10,Jiangsu,1,76
2024/1/11,Jiangsu,1,60
2024/1/12,Jiangsu,4,-15
2024/1/13,Jiangsu,1,67
2024/1/14,Jiangsu,3,57
2024/1/15,Jiangsu,1,-22
2024/1/16,Jiangsu,2,-42
2024/1/17,Jiangsu,2,61
2024/1/18,Jiangsu,4,24
2024/1/19,Jiangsu,3,89
2024/1/20,Jiangsu,1,92
2024/1/21,Jiangsu,1,-1
2024/1/22,Jiangsu,1,-36
2024/1/23,Jiangsu,3,-20
2024/1/24,Jiangsu,4,45
2024/1/25,Jiangsu,2,-3
2024/1/26,Jiangsu,1,93
2024/1/27,Jiangsu,1,42
2024/1/28,Jiangsu,4,64
2024/1/29,Jiangsu,4,61
2024/1/30,Jiangsu,1,24
2024/1/31,Jiangsu,2,94
2024/2/1,Jiangsu,4,26
2024/2/2,Jiangsu,2,21
2024/2/3,Jiangsu,3,-24
2024/2/4,Jiangsu,3,16
2024/2/5,Jiangsu,3,-15
2024/2/6,Jiangsu,3,81
2024/2/7,Jiangsu,2,-32
2024/2/8,Jiangsu,4,1
2024/2/9,Jiangsu,2,25
2024/2/10,Jiangsu,1,97
2024/2/11,Jiangsu,2,31
2024/2/12,Jiangsu,2,-5
2024/2/13,Jiangsu,2,-37
2024/2/14,Jiangsu,2,96
2024/2/15,Jiangsu,3,31
2024/2/16,Jiangsu,2,58
2024/2/17,Jiangsu,1,73
2024/2/18,Jiangsu,3,-17
2024/2/19,Jiangsu,1,-6
2024/2/20,Jiangsu,1,-46
2024/2/21,Jiangsu,1,73
2024/2/22,Jiangsu,1,-5
2024/2/23,Jiangsu,4,50
2024/2/24,Jiangsu,1,26
2024/2/25,Jiangsu,1,30
2024/2/26,Jiangsu,4,56
2024/2/27,Jiangsu,1,45
2024/2/28,Jiangsu,1,56
2024/3/1,Jiangsu,3,40
2024/3/2,Jiangsu,3,46
2024/3/3,Jiangsu,4,-9
2024/3/4,Jiangsu,3,-33
2024/3/5,Jiangsu,1,11
2024/3/6,Jiangsu,3,73
2024/3/7,Jiangsu,4,73
2024/3/8,Jiangsu,1,21
2024/3/9,Jiangsu,3,-38
2024/3/10,Jiangsu,3,14
2024/3/11,Jiangsu,1,50
2024/3/12,Jiangsu,2,65
2024/3/13,Jiangsu,2,51
2024/3/14,Jiangsu,1,41
2024/3/15,Jiangsu,1,92
2024/3/16,Jiangsu,1,-38
2024/3/17,Jiangsu,4,32
2024/3/18,Jiangsu,4,74
2024/3/19,Jiangsu,2,74
2024/3/20,Jiangsu,2,62
2024/3/21,Jiangsu,2,55
2024/3/22,Jiangsu,3,52
2024/3/23,Jiangsu,4,7
2024/3/24,Jiangsu,3,7
2024/3/25,Jiangsu,1,-18
2024/3/26,Jiangsu,1,37
2024/3/27,Jiangsu,1,-45
2024/3/28,Jiangsu,1,10
2024/3/29,Jiangsu,1,-6
2024/3/30,Jiangsu,4,-1
2024/3/31,Jiangsu,4,-10
2024/4/1,Jiangsu,1,-17
2024/4/2,Jiangsu,1,11
2024/4/3,Jiangsu,2,-33
2024/4/4,Jiangsu,4,97
2024/4/5,Jiangsu,3,37
2024/4/6,Jiangsu,1,11
2024/4/7,Jiangsu,2,92
2024/4/8,Jiangsu,4,61
2024/4/9,Jiangsu,4,87
2024/4/10,Jiangsu,3,66
2024/4/11,Jiangsu,2,9
2024/4/12,Jiangsu,1,82
2024/4/13,Jiangsu,3,-36
2024/4/14,Jiangsu,2,-13
2024/4/15,Jiangsu,2,-38
2024/4/16,Jiangsu,1,5
2024/4/17,Jiangsu,2,-26
2024/4/18,Jiangsu,2,-47
2024/4/19,Jiangsu,1,99
2024/4/20,Jiangsu,2,-44
2024/4/21,Jiangsu,1,14
2024/4/22,Jiangsu,1,53
2024/4/23,Jiangsu,2,-40
2024/4/24,Jiangsu,2,9
2024/4/25,Jiangsu,4,-34
2024/4/26,Jiangsu,1,6
2024/4/27,Jiangsu,2,95
2024/4/28,Jiangsu,4,21
2024/4/29,Jiangsu,1,92
2024/4/30,Jiangsu,4,34
2024/5/1,Jiangsu,3,31
2024/5/2,Jiangsu,3,44
2024/5/3,Jiangsu,2,-26
2024/5/4,Jiangsu,3,52
2024/5/5,Jiangsu,4,35
2024/5/6,Jiangsu,3,43
2024/5/7,Jiangsu,4,-38
2024/5/8,Jiangsu,1,61
2024/5/9,Jiangsu,4,-35
2024/5/10,Jiangsu,3,-21
2024/5/11,Jiangsu,1,33
2024/5/12,Jiangsu,3,0
2024/5/13,Jiangsu,3,45
2024/5/14,Jiangsu,3,12
2024/5/15,Jiangsu,2,-10
2024/5/16,Jiangsu,1,80
2024/5/17,Jiangsu,4,21
2024/5/18,Jiangsu,2,39
2024/5/19,Jiangsu,4,31
2024/5/20,Jiangsu,4,11
2024/5/21,Jiangsu,1,64
2024/5/22,Jiangsu,2,10
2024/5/23,Jiangsu,2,74
2024/5/24,Jiangsu,4,33
2024/5/25,Jiangsu,2,54
2024/5/26,Jiangsu,1,83
2024/5/27,Jiangsu,2,80
2024/5/28,Jiangsu,3,-8
2024/5/29,Jiangsu,2,7
2024/5/30,Jiangsu,4,20
2024/5/31,Jiangsu,4,83
2024/6/1,Jiangsu,4,26
2024/6/2,Jiangsu,3,71
2024/6/3,Jiangsu,3,-40
2024/6/4,Jiangsu,4,43
2024/6/5,Jiangsu,1,89
2024/6/6,Jiangsu,2,-35
2024/6/7,Jiangsu,4,77
2024/6/8,Jiangsu,3,-14
2024/6/9,Jiangsu,1,-2
2024/6/10,Jiangsu,2,-5
2024/6/11,Jiangsu,2,41
2024/6/12,Jiangsu,4,-27
2024/6/13,Jiangsu,3,-20
2024/6/14,Jiangsu,1,86
2024/6/15,Jiangsu,1,-36
2024/6/16,Jiangsu,4,47
2024/6/17,Jiangsu,2,32
2024/6/18,Jiangsu,3,-34
2024/6/19,Jiangsu,2,-33
2024/6/20,Jiangsu,2,15
2024/6/21,Jiangsu,2,-29
2024/6/22,Jiangsu,4,-14
2024/6/23,Jiangsu,1,92
2024/6/24,Jiangsu,2,64
2024/6/25,Jiangsu,2,15
2024/6/26,Jiangsu,1,-47
2024/6/27,Jiangsu,2,97
2024/6/28,Jiangsu,4,40
2024/6/29,Jiangsu,4,79
2024/1/1,Sichuan,1,-48
2024/1/2,Sichuan,4,33
2024/1/3,Sichuan,3,-5
2024/1/4,Sichuan,1,45
2024/1/5,Sichuan,2,17
2024/1/6,Sichuan,4,-23
2024/1/7,Sichuan,4,3
2024/1/8,Sichuan,2,27
2024/1/9,Sichuan,4,70
2024/1/10,Sichuan,2,-6
2024/1/11,Sichuan,2,52
2024/1/12,Sichuan,2,14
2024/1/13,Sichuan,4,-28
2024/1/14,Sichuan,1,90
2024/1/15,Sichuan,3,-32
2024/1/16,Sichuan,2,-28
2024/1/17,Sichuan,1,26
2024/1/18,Sichuan,2,36
2024/1/19,Sichuan,2,6
2024/1/20,Sichuan,4,22
2024/1/21,Sichuan,3,1
2024/1/22,Sichuan,3,45
2024/1/23,Sichuan,4,40
2024/1/24,Sichuan,1,13
2024/1/25,Sichuan,1,-30
2024/1/26,Sichuan,2,29
2024/1/27,Sichuan,3,-27
2024/1/28,Sichuan,3,99
2024/1/29,Sichuan,4,2
2024/1/30,Sichuan,4,-21
2024/1/31,Sichuan,2,0
2024/2/1,Sichuan,1,75
2024/2/2,Sichuan,2,-1
2024/2/3,Sichuan,1,-26
2024/2/4,Sichuan,1,98
2024/2/5,Sichuan,4,15
2024/2/6,Sichuan,1,17
2024/2/7,Sichuan,4,-12
2024/2/8,Sichuan,3,67
2024/2/9,Sichuan,4,-4
2024/2/10,Sichuan,4,-5
2024/2/11,Sichuan,3,85
2024/2/12,Sichuan,4,44
2024/2/13,Sichuan,2,84
2024/2/14,Sichuan,1,69
2024/2/15,Sichuan,2,14
2024/2/16,Sichuan,3,6
2024/2/17,Sichuan,1,16
2024/2/18,Sichuan,2,98
2024/2/19,Sichuan,3,52
2024/2/20,Sichuan,1,83
2024/2/21,Sichuan,2,94
2024/2/22,Sichuan,1,-41
2024/2/23,Sichuan,3,0
2024/2/24,Sichuan,1,-13
2024/2/25,Sichuan,1,-46
2024/2/26,Sichuan,2,16
2024/2/27,Sichuan,1,12
2024/2/28,Sichuan,1,87
2024/3/1,Sichuan,1,-49
2024/3/2,Sichuan,3,69
2024/3/3,Sichuan,4,84
2024/3/4,Sichuan,1,77
2024/3/5,Sichuan,2,98
2024/3/6,Sichuan,3,10
2024/3/7,Sichuan,1,-20
2024/3/8,Sichuan,3,-48
2024/3/9,Sichuan,3,91
2024/3/10,Sichuan,2,8
2024/3/11,Sichuan,3,40
2024/3/12,Sichuan,2,95
2024/3/13,Sichuan,1,6
2024/3/14,Sichuan,1,-32
2024/3/15,Sichuan,2,93
2024/3/16,Sichuan,2,-28
2024/3/17,Sichuan,1,44
2024/3/18,Sichuan,1,22
2024/3/19,Sichuan,3,4
2024/3/20,Sichuan,1,66
2024/3/21,Sichuan,3,-42
2024/3/22,Sichuan,2,9
2024/3/23,Sichuan,1,-10
2024/3/24,Sichuan,2,-30
2024/3/25,Sichuan,3,-34
2024/3/26,Sichuan,3,94
2024/3/27,Sichuan,3,70
2024/3/28,Sichuan,2,34
2024/3/29,Sichuan,4,70
2024/3/30,Sichuan,1,58
2024/3/31,Sichuan,3,22
2024/4/1,Sichuan,3,-6
2024/4/2,Sichuan,3,1
2024/4/3,Sichuan,2,0
2024/4/4,Sichuan,2,62
2024/4/5,Sichuan,1,-42
2024/4/6,Sichuan,1,66
2024/4/7,Sichuan,1,-23
2024/4/8,Sichuan,1,-16
2024/4/9,Sichuan,3,72
2024/4/10,Sichuan,3,-43
2024/4/11,Sichuan,4,-43
2024/4/12,Sichuan,1,89
2024/4/13,Sichuan,2,92
2024/4/14,Sichuan,3,49
2024/4/15,Sichuan,4,-4
2024/4/16,Sichuan,4,-39
2024/4/17,Sichuan,4,16
2024/4/18,Sichuan,2,34
2024/4/19,Sichuan,4,51
2024/4/20,Sichuan,4,-48
2024/4/21,Sichuan,2,64
2024/4/22,Sichuan,1,88
2024/4/23,Sichuan,3,14
2024/4/24,Sichuan,3,33
2024/4/25,Sichuan,3,63
2024/4/26,Sichuan,1,-3
2024/4/27,Sichuan,3,31
2024/4/28,Sichuan,2,-48
2024/4/29,Sichuan,3,78
2024/4/30,Sichuan,4,-38
2024/5/1,Sichuan,4,-18
2024/5/2,Sichuan,3,-25
2024/5/3,Sichuan,1,-7
2024/5/4,Sichuan,2,77
2024/5/5,Sichuan,2,35
2024/5/6,Sichuan,1,-10
2024/5/7,Sichuan,2,-42
2024/5/8,Sichuan,2,6
2024/5/9,Sichuan,4,-29
2024/5/10,Sichuan,2,87
2024/5/11,Sichuan,3,45
2024/5/12,Sichuan,4,77
2024/5/13,Sichuan,3,45
2024/5/14,Sichuan,4,83
2024/5/15,Sichuan,2,84
2024/5/16,Sichuan,1,50
2024/5/17,Sichuan,1,-7
2024/5/18,Sichuan,1,-5
2024/5/19,Sichuan,3,-35
2024/5/20,Sichuan,1,-33
2024/5/21,Sichuan,2,64
2024/5/22,Sichuan,3,-17
2024/5/23,Sichuan,3,89
2024/5/24,Sichuan,4,78
2024/5/25,Sichuan,1,33
2024/5/26,Sichuan,4,61
2024/5/27,Sichuan,4,-10
2024/5/28,Sichuan,3,-35
2024/5/29,Sichuan,1,48
2024/5/30,Sichuan,1,-44
2024/5/31,Sichuan,1,-31
2024/6/1,Sichuan,2,-5
2024/6/2,Sichuan,4,90
2024/6/3,Sichuan,3,-9
2024/6/4,Sichuan,2,-15
2024/6/5,Sichuan,2,53
2024/6/6,Sichuan,4,-20
2024/6/7,Sichuan,2,60
2024/6/8,Sichuan,3,91
2024/6/9,Sichuan,2,76
2024/6/10,Sichuan,1,-20
2024/6/11,Sichuan,4,36
2024/6/12,Sichuan,1,-30
2024/6/13,Sichuan,1,-13
2024/6/14,Sichuan,2,30
2024/6/15,Sichuan,3,-6
2024/6/16,Sichuan,3,28
2024/6/17,Sichuan,2,45
2024/6/18,Sichuan,1,6
2024/6/19,Sichuan,4,39
2024/6/20,Sichuan,3,-33
2024/6/21,Sichuan,4,45
2024/6/22,Sichuan,3,52
2024/6/23,Sichuan,3,-19
2024/6/24,Sichuan,3,-2
2024/6/25,Sichuan,4,18
2024/6/26,Sichuan,4,89
2024/6/27,Sichuan,4,39
2024/6/28,Sichuan,1,-25
2024/6/29,Sichuan,4,7
2024/1/1,Chongqing,2,-45
2024/1/2,Chongqing,1,49
2024/1/3,Chongqing,2,-47
2024/1/4,Chongqing,4,3
2024/1/5,Chongqing,1,12
2024/1/6,Chongqing,4,-23
2024/1/7,Chongqing,3,66
2024/1/8,Chongqing,1,-20
2024/1/9,Chongqing,4,-5
2024/1/10,Chongqing,2,66
2024/1/11,Chongqing,3,-23
2024/1/12,Chongqing,3,-5
2024/1/13,Chongqing,3,-42
2024/1/14,Chongqing,4,79
2024/1/15,Chongqing,1,-33
2024/1/16,Chongqing,3,9
2024/1/17,Chongqing,1,53
2024/1/18,Chongqing,3,-42
2024/1/19,Chongqing,2,91
2024/1/20,Chongqing,4,30
2024/1/21,Chongqing,2,61
2024/1/22,Chongqing,2,13
2024/1/23,Chongqing,1,-39
2024/1/24,Chongqing,1,65
2024/1/25,Chongqing,4,-6
2024/1/26,Chongqing,3,73
2024/1/27,Chongqing,3,52
2024/1/28,Chongqing,4,-3
2024/1/29,Chongqing,2,65
2024/1/30,Chongqing,4,10
2024/1/31,Chongqing,2,-17
2024/2/1,Chongqing,3,-1
2024/2/2,Chongqing,3,-35
2024/2/3,Chongqing,4,5
2024/2/4,Chongqing,4,25
2024/2/5,Chongqing,4,18
2024/2/6,Chongqing,4,95
2024/2/7,Chongqing,1,52
2024/2/8,Chongqing,4,27
2024/2/9,Chongqing,4,47
2024/2/10,Chongqing,3,-43
2024/2/11,Chongqing,1,-33
2024/2/12,Chongqing,4,69
2024/2/13,Chongqing,2,27
2024/2/14,Chongqing,2,3
2024/2/15,Chongqing,1,16
2024/2/16,Chongqing,3,50
2024/2/17,Chongqing,2,64
2024/2/18,Chongqing,3,-23
2024/2/19,Chongqing,3,-2
2024/2/20,Chongqing,3,29
2024/2/21,Chongqing,4,25
2024/2/22,Chongqing,2,62
2024/2/23,Chongqing,2,-43
2024/2/24,Chongqing,2,-34
2024/2/25,Chongqing,2,-36
2024/2/26,Chongqing,1,-36
2024/2/27,Chongqing,3,41
2024/2/28,Chongqing,1,-45
2024/3/1,Chongqing,2,98
2024/3/2,Chongqing,2,-49
2024/3/3,Chongqing,3,0
2024/3/4,Chongqing,4,30
2024/3/5,Chongqing,4,38
2024/3/6,Chongqing,4,-6
2024/3/7,Chongqing,2,45
2024/3/8,Chongqing,3,89
2024/3/9,Chongqing,3,-26
2024/3/10,Chongqing,3,21
2024/3/11,Chongqing,1,-43
2024/3/12,Chongqing,2,73
2024/3/13,Chongqing,2,-39
2024/3/14,Chongqing,4,36
2024/3/15,Chongqing,2,-1
2024/3/16,Chongqing,1,62
2024/3/17,Chongqing,3,-12
2024/3/18,Chongqing,4,90
2024/3/19,Chongqing,1,37
2024/3/20,Chongqing,2,35
2024/3/21,Chongqing,4,-7
2024/3/22,Chongqing,2,71
2024/3/23,Chongqing,4,99
2024/3/24,Chongqing,3,72
2024/3/25,Chongqing,2,38
2024/3/26,Chongqing,2,46
2024/3/27,Chongqing,4,50
2024/3/28,Chongqing,4,71
2024/3/29,Chongqing,2,-46
2024/3/30,Chongqing,1,50
2024/3/31,Chongqing,4,-28
2024/4/1,Chongqing,4,26
2024/4/2,Chongqing,1,91
2024/4/3,Chongqing,4,34
2024/4/4,Chongqing,1,-48
2024/4/5,Chongqing,2,3
2024/4/6,Chongqing,2,34
2024/4/7,Chongqing,3,-47
2024/4/8,Chongqing,1,97
2024/4/9,Chongqing,1,23
2024/4/10,Chongqing,3,-9
2024/4/11,Chongqing,1,31
2024/4/12,Chongqing,1,85
2024/4/13,Chongqing,1,78
2024/4/14,Chongqing,1,86
2024/4/15,Chongqing,3,-14
2024/4/16,Chongqing,2,87
2024/4/17,Chongqing,3,79
2024/4/18,Chongqing,4,-31
2024/4/19,Chongqing,3,-14
2024/4/20,Chongqing,3,-16
2024/4/21,Chongqing,1,-32
2024/4/22,Chongqing,3,36
2024/4/23,Chongqing,2,-39
2024/4/24,Chongqing,4,76
2024/4/25,Chongqing,2,54
2024/4/26,Chongqing,1,8
2024/4/27,Chongqing,4,37
2024/4/28,Chongqing,1,66
2024/4/29,Chongqing,2,77
2024/4/30,Chongqing,1,98
2024/5/1,Chongqing,2,9
2024/5/2,Chongqing,2,72
2024/5/3,Chongqing,2,68
2024/5/4,Chongqing,3,-13
2024/5/5,Chongqing,2,-15
2024/5/6,Chongqing,1,-36
2024/5/7,Chongqing,1,8
2024/5/8,Chongqing,1,9
2024/5/9,Chongqing,2,49
2024/5/10,Chongqing,2,-40
2024/5/11,Chongqing,2,62
2024/5/12,Chongqing,3,-50
2024/5/13,Chongqing,3,-8
2024/5/14,Chongqing,4,97
2024/5/15,Chongqing,4,21
2024/5/16,Chongqing,3,14
2024/5/17,Chongqing,4,-43
2024/5/18,Chongqing,3,56
2024/5/19,Chongqing,2,-34
2024/5/20,Chongqing,2,54
2024/5/21,Chongqing,2,-27
2024/5/22,Chongqing,1,13
2024/5/23,Chongqing,4,-44
2024/5/24,Chongqing,4,-38
2024/5/25,Chongqing,3,-17
2024/5/26,Chongqing,2,47
2024/5/27,Chongqing,4,97
2024/5/28,Chongqing,2,25
2024/5/29,Chongqing,4,37
2024/5/30,Chongqing,4,-31
2024/5/31,Chongqing,1,85
2024/6/1,Chongqing,4,93
2024/6/2,Chongqing,4,5
2024/6/3,Chongqing,3,13
2024/6/4,Chongqing,4,43
2024/6/5,Chongqing,1,82
2024/6/6,Chongqing,1,73
2024/6/7,Chongqing,1,81
2024/6/8,Chongqing,4,1
2024/6/9,Chongqing,2,49
2024/6/10,Chongqing,1,-50
2024/6/11,Chongqing,3,-10
2024/6/12,Chongqing,3,90
2024/6/13,Chongqing,4,38
2024/6/14,Chongqing,3,-4
2024/6/15,Chongqing,1,-41
2024/6/16,Chongqing,4,96
2024/6/17,Chongqing,1,-6
2024/6/18,Chongqing,2,54
2024/6/19,Chongqing,2,86
2024/6/20,Chongqing,3,18
2024/6/21,Chongqing,2,-15
2024/6/22,Chongqing,2,86
2024/6/23,Chongqing,1,63
2024/6/24,Chongqing,4,91
2024/6/25,Chongqing,3,35
2024/6/26,Chongqing,3,57
2024/6/27,Chongqing,1,37
2024/6/28,Chongqing,2,54
2024/6/29,Chongqing,4,50
2024/1/1,Fujian,2,24
2024/1/2,Fujian,1,54
2024/1/3,Fujian,4,19
2024/1/4,Fujian,2,-7
2024/1/5,Fujian,3,46
2024/1/6,Fujian,2,-20
2024/1/7,Fujian,2,94
2024/1/8,Fujian,3,88
2024/1/9,Fujian,1,99
2024/1/10,Fujian,1,-37
2024/1/11,Fujian,4,55
2024/1/12,Fujian,1,66
2024/1/13,Fujian,2,45
2024/1/14,Fujian,3,86
2024/1/15,Fujian,3,-3
2024/1/16,Fujian,3,81
2024/1/17,Fujian,3,77
2024/1/18,Fujian,2,-4
2024/1/19,Fujian,2,24
2024/1/20,Fujian,4,42
2024/1/21,Fujian,4,54
2024/1/22,Fujian,4,69
2024/1/23,Fujian,4,-14
2024/1/24,Fujian,3,-3
2024/1/25,Fujian,2,-30
2024/1/26,Fujian,2,-5
2024/1/27,Fujian,2,-48
2024/1/28,Fujian,3,-33
2024/1/29,Fujian,2,79
2024/1/30,Fujian,2,22
2024/1/31,Fujian,1,-3
2024/2/1,Fujian,4,-38
2024/2/2,Fujian,1,9
2024/2/3,Fujian,2,71
2024/2/4,Fujian,1,-29
2024/2/5,Fujian,2,93
2024/2/6,Fujian,4,41
2024/2/7,Fujian,1,23
2024/2/8,Fujian,3,71
2024/2/9,Fujian,2,-2
2024/2/10,Fujian,1,55
2024/2/11,Fujian,3,-31
2024/2/12,Fujian,3,82
2024/2/13,Fujian,2,2
2024/2/14,Fujian,2,-15
2024/2/15,Fujian,3,-17
2024/2/16,Fujian,2,78
2024/2/17,Fujian,1,53
2024/2/18,Fujian,2,-31
2024/2/19,Fujian,1,34
2024/2/20,Fujian,3,80
2024/2/21,Fujian,4,50
2024/2/22,Fujian,1,-27
2024/2/23,Fujian,3,-5
2024/2/24,Fujian,4,-13
2024/2/25,Fujian,4,42
2024/2/26,Fujian,3,-43
2024/2/27,Fujian,2,-26
2024/2/28,Fujian,4,21
2024/3/1,Fujian,1,-11
2024/3/2,Fujian,1,56
2024/3/3,Fujian,4,-22
2024/3/4,Fujian,2,20
2024/3/5,Fujian,2,-40
2024/3/6,Fujian,2,27
2024/3/7,Fujian,4,66
2024/3/8,Fujian,2,-20
2024/3/9,Fujian,1,78
2024/3/10,Fujian,2,65
2024/3/11,Fujian,2,22
2024/3/12,Fujian,2,42
2024/3/13,Fujian,3,41
2024/3/14,Fujian,4,37
2024/3/15,Fujian,3,74
2024/3/16,Fujian,3,-31
2024/3/17,Fujian,4,70
2024/3/18,Fujian,2,4
2024/3/19,Fujian,3,79
2024/3/20,Fujian,4,-21
2024/3/21,Fujian,3,50
2024/3/22,Fujian,1,24
2024/3/23,Fujian,4,56
2024/3/24,Fujian,3,-37
2024/3/25,Fujian,2,-30
2024/3/26,Fujian,3,56
2024/3/27,Fujian,4,68
2024/3/28,Fujian,4,-40
2024/3/29,Fujian,2,7
2024/3/30,Fujian,3,34
2024/3/31,Fujian,3,48
2024/4/1,Fujian,4,93
2024/4/2,Fujian,1,61
2024/4/3,Fujian,1,-32
2024/4/4,Fujian,2,12
2024/4/5,Fujian,2,-34
2024/4/6,Fujian,4,45
2024/4/7,Fujian,1,96
2024/4/8,Fujian,4,75
2024/4/9,Fujian,3,58
2024/4/10,Fujian,1,-26
2024/4/11,Fujian,3,7
2024/4/12,Fujian,4,-36
2024/4/13,Fujian,4,78
2024/4/14,Fujian,3,70
2024/4/15,Fujian,3,73
2024/4/16,Fujian,2,-7
2024/4/17,Fujian,1,67
2024/4/18,Fujian,2,49
2024/4/19,Fujian,4,60
2024/4/20,Fujian,1,-28
2024/4/21,Fujian,2,78
2024/4/22,Fujian,2,50
2024/4/23,Fujian,4,-7
2024/4/24,Fujian,3,-8
2024/4/25,Fujian,3,-11
2024/4/26,Fujian,2,-31
2024/4/27,Fujian,3,29
2024/4/28,Fujian,2,16
2024/4/29,Fujian,2,14
2024/4/30,Fujian,3,46
2024/5/1,Fujian,3,4
2024/5/2,Fujian,3,81
2024/5/3,Fujian,2,62
2024/5/4,Fujian,3,-21
2024/5/5,Fujian,2,-34
2024/5/6,Fujian,1,93
2024/5/7,Fujian,3,85
2024/5/8,Fujian,2,4
2024/5/9,Fujian,3,53
2024/5/10,Fujian,2,-13
2024/5/11,Fujian,2,8
2024/5/12,Fujian,1,19
2024/5/13,Fujian,3,50
2024/5/14,Fujian,4,56
2024/5/15,Fujian,1,81
2024/5/16,Fujian,2,96
2024/5/17,Fujian,3,7
2024/5/18,Fujian,2,72
2024/5/19,Fujian,2,94
2024/5/20,Fujian,4,38
2024/5/21,Fujian,2,59
2024/5/22,Fujian,1,86
2024/5/23,Fujian,4,-16
2024/5/24,Fujian,2,9
2024/5/25,Fujian,2,79
2024/5/26,Fujian,2,74
2024/5/27,Fujian,3,-5
2024/5/28,Fujian,4,18
2024/5/29,Fujian,3,-36
2024/5/30,Fujian,3,-36
2024/5/31,Fujian,2,-22
2024/6/1,Fujian,2,61
2024/6/2,Fujian,3,83
2024/6/3,Fujian,4,96
2024/6/4,Fujian,2,39
2024/6/5,Fujian,2,71
2024/6/6,Fujian,4,20
2024/6/7,Fujian,2,65
2024/6/8,Fujian,3,-6
2024/6/9,Fujian,2,-49
2024/6/10,Fujian,2,73
2024/6/11,Fujian,4,61
2024/6/12,Fujian,4,-10
2024/6/13,Fujian,1,97
2024/6/14,Fujian,3,22
2024/6/15,Fujian,4,-29
2024/6/16,Fujian,1,-25
2024/6/17,Fujian,4,1
2024/6/18,Fujian,1,26
2024/6/19,Fujian,4,96
2024/6/20,Fujian,4,33
2024/6/21,Fujian,1,77
2024/6/22,Fujian,3,-22
2024/6/23,Fujian,3,31
2024/6/24,Fujian,4,-28
2024/6/25,Fujian,3,23
2024/6/26,Fujian,4,1
2024/6/27,Fujian,1,-32
2024/6/28,Fujian,3,-12
2024/6/29,Fujian,3,-20
2024/1/1,Shandong,2,71
2024/1/2,Shandong,4,3
2024/1/3,Shandong,1,-7
2024/1/4,Shandong,1,-13
2024/1/5,Shandong,3,80
2024/1/6,Shandong,4,6
2024/1/7,Shandong,1,-35
2024/1/8,Shandong,3,5
2024/1/9,Shandong,3,13
2024/1/10,Shandong,4,-18
2024/1/11,Shandong,2,-47
2024/1/12,Shandong,4,28
2024/1/13,Shandong,1,15
2024/1/14,Shandong,1,99
2024/1/15,Shandong,1,68
2024/1/16,Shandong,4,42
2024/1/17,Shandong,4,-23
2024/1/18,Shandong,2,2
2024/1/19,Shandong,4,96
2024/1/20,Shandong,4,68
2024/1/21,Shandong,1,-27
2024/1/22,Shandong,2,48
2024/1/23,Shandong,4,-44
2024/1/24,Shandong,4,-5
2024/1/25,Shandong,1,74
2024/1/26,Shandong,3,59
2024/1/27,Shandong,1,-39
2024/1/28,Shandong,1,57
2024/1/29,Shandong,1,93
2024/1/30,Shandong,1,40
2024/1/31,Shandong,4,-1
2024/2/1,Shandong,4,89
2024/2/2,Shandong,1,67
2024/2/3,Shandong,2,27
2024/2/4,Shandong,4,-44
2024/2/5,Shandong,4,99
2024/2/6,Shandong,3,51
2024/2/7,Shandong,3,81
2024/2/8,Shandong,3,33
2024/2/9,Shandong,4,44
2024/2/10,Shandong,4,88
2024/2/11,Shandong,1,27
2024/2/12,Shandong,3,73
2024/2/13,Shandong,2,-31
2024/2/14,Shandong,4,-32
2024/2/15,Shandong,2,39
2024/2/16,Shandong,4,2
2024/2/17,Shandong,4,93
2024/2/18,Shandong,3,-24
2024/2/19,Shandong,3,-31
2024/2/20,Shandong,4,17
2024/2/21,Shandong,2,77
2024/2/22,Shandong,4,-46
2024/2/23,Shandong,4,56
2024/2/24,Shandong,4,-30
2024/2/25,Shandong,3,57
2024/2/26,Shandong,4,-5
2024/2/27,Shandong,1,5
2024/2/28,Shandong,2,51
2024/3/1,Shandong,4,9
2024/3/2,Shandong,2,-33
2024/3/3,Shandong,3,-48
2024/3/4,Shandong,2,91
2024/3/5,Shandong,2,-38
2024/3/6,Shandong,1,-43
2024/3/7,Shandong,2,41
2024/3/8,Shandong,2,34
2024/3/9,Shandong,1,-22
2024/3/10,Shandong,2,50
2024/3/11,Shandong,1,-35
2024/3/12,Shandong,4,11
2024/3/13,Shandong,1,66
2024/3/14,Shandong,4,34
2024/3/15,Shandong,3,-25
2024/3/16,Shandong,1,-16
2024/3/17,Shandong,4,65
2024/3/18,Shandong,1,17
2024/3/19,Shandong,4,-3
2024/3/20,Shandong,1,59
2024/3/21,Shandong,2,73
2024/3/22,Shandong,1,78
2024/3/23,Shandong,3,-21
2024/3/24,Shandong,1,0
2024/3/25,Shandong,3,-15
2024/3/26,Shandong,4,35
2024/3/27,Shandong,3,-24
2024/3/28,Shandong,1,21
2024/3/29,Shandong,3,95
2024/3/30,Shandong,3,-33
2024/3/31,Shandong,4,40
2024/4/1,Shandong,4,-42
2024/4/2,Shandong,3,22
2024/4/3,Shandong,4,25
2024/4/4,Shandong,1,-2
2024/4/5,Shandong,3,49
2024/4/6,Shandong,2,-46
2024/4/7,Shandong,3,20
2024/4/8,Shandong,4,23
2024/4/9,Shandong,3,23
2024/4/10,Shandong,1,59
2024/4/11,Shandong,3,62
2024/4/12,Shandong,2,-3
2024/4/13,Shandong,2,-46
2024/4/14,Shandong,3,88
2024/4/15,Shandong,3,-35
2024/4/16,Shandong,1,43
2024/4/17,Shandong,1,-46
2024/4/18,Shandong,3,-29
2024/4/19,Shandong,3,34
2024/4/20,Shandong,4,-30
2024/4/21,Shandong,3,-4
2024/4/22,Shandong,4,-44
2024/4/23,Shandong,4,34
2024/4/24,Shandong,4,94
2024/4/25,Shandong,1,-49
2024/4/26,Shandong,3,-14
2024/4/27,Shandong,4,96
2024/4/28,Shandong,2,-31
2024/4/29,Shandong,4,42
2024/4/30,Shandong,2,-31
2024/5/1,Shandong,2,96
2024/5/2,Shandong,4,54
2024/5/3,Shandong,2,31
2024/5/4,Shandong,2,-29
2024/5/5,Shandong,4,-12
2024/5/6,Shandong,3,47
2024/5/7,Shandong,3,4
2024/5/8,Shandong,1,38
2024/5/9,Shandong,1,44
2024/5/10,Shandong,3,55
2024/5/11,Shandong,2,0
2024/5/12,Shandong,2,79
2024/5/13,Shandong,2,14
2024/5/14,Shandong,4,59
2024/5/15,Shandong,1,-2
2024/5/16,Shandong,1,94
2024/5/17,Shandong,2,36
2024/5/18,Shandong,2,92
2024/5/19,Shandong,4,-22
2024/5/20,Shandong,1,44
2024/5/21,Shandong,3,27
2024/5/22,Shandong,4,97
2024/5/23,Shandong,3,-42
2024/5/24,Shandong,2,6
2024/5/25,Shandong,4,-45
2024/5/26,Shandong,1,57
2024/5/27,Shandong,4,55
2024/5/28,Shandong,1,40
2024/5/29,Shandong,4,90
2024/5/30,Shandong,4,98
2024/5/31,Shandong,2,25
2024/6/1,Shandong,3,85
2024/6/2,Shandong,3,72
2024/6/3,Shandong,1,-18
2024/6/4,Shandong,1,-44
2024/6/5,Shandong,1,29
2024/6/6,Shandong,3,5
2024/6/7,Shandong,2,82
2024/6/8,Shandong,1,70
2024/6/9,Shandong,3,-44
2024/6/10,Shandong,1,49
2024/6/11,Shandong,3,98
2024/6/12,Shandong,4,-34
2024/6/13,Shandong,4,23
2024/6/14,Shandong,3,-34
2024/6/15,Shandong,4,67
2024/6/16,Shandong,2,-2
2024/6/17,Shandong,1,-40
2024/6/18,Shandong,1,29
2024/6/19,Shandong,4,14
2024/6/20,Shandong,2,-25
2024/6/21,Shandong,1,61
2024/6/22,Shandong,3,-43
2024/6/23,Shandong,2,21
2024/6/24,Shandong,4,26
2024/6/25,Shandong,4,42
2024/6/26,Shandong,1,-26
2024/6/27,Shandong,3,-6
2024/6/28,Shandong,3,-34
2024/6/29,Shandong,4,23
2024/1/1,Henan,1,99
2024/1/2,Henan,1,-13
2024/1/3,Henan,4,23
2024/1/4,Henan,4,-17
2024/1/5,Henan,2,-31
2024/1/6,Henan,4,85
2024/1/7,Henan,3,46
2024/1/8,Henan,2,3
2024/1/9,Henan,3,83
2024/1/10,Henan,1,-36
2024/1/11,Henan,4,55
2024/1/12,Henan,4,16
2024/1/13,Henan,2,-40
2024/1/14,Henan,1,-11
2024/1/15,Henan,4,-30
2024/1/16,Henan,3,43
2024/1/17,Henan,3,45
2024/1/18,Henan,1,-12
2024/1/19,Henan,1,30
2024/1/20,Henan,4,-13
2024/1/21,Henan,3,59
2024/1/22,Henan,2,81
2024/1/23,Henan,2,86
2024/1/24,Henan,2,92
2024/1/25,Henan,3,-48
2024/1/26,Henan,1,38
2024/1/27,Henan,2,-41
2024/1/28,Henan,3,44
2024/1/29,Henan,3,31
2024/1/30,Henan,3,57
2024/1/31,Henan,3,29
2024/2/1,Henan,3,-15
2024/2/2,Henan,1,88
2024/2/3,Henan,4,42
2024/2/4,Henan,3,98
2024/2/5,Henan,2,66
2024/2/6,Henan,1,7
2024/2/7,Henan,1,61
2024/2/8,Henan,1,16
2024/2/9,Henan,1,-14
2024/2/10,Henan,4,57
2024/2/11,Henan,2,-30
2024/2/12,Henan,2,86
2024/2/13,Henan,1,-41
2024/2/14,Henan,1,98
2024/2/15,Henan,1,-2
2024/2/16,Henan,3,26
2024/2/17,Henan,3,-9
2024/2/18,Henan,4,-27
2024/2/19,Henan,1,-17
2024/2/20,Henan,3,23
2024/2/21,Henan,1,-33
2024/2/22,Henan,1,78
2024/2/23,Henan,1,55
2024/2/24,Henan,4,-45
2024/2/25,Henan,1,86
2024/2/26,Henan,4,-6
2024/2/27,Henan,1,60
2024/2/28,Henan,4,10
2024/3/1,Henan,3,-39
2024/3/2,Henan,3,35
2024/3/3,Henan,2,87
2024/3/4,Henan,4,76
2024/3/5,Henan,4,-38
2024/3/6,Henan,4,7
2024/3/7,Henan,3,2
2024/3/8,Henan,3,18
2024/3/9,Henan,2,20
2024/3/10,Henan,4,4
2024/3/11,Henan,2,47
2024/3/12,Henan,2,-37
2024/3/13,Henan,1,45
2024/3/14,Henan,1,68
2024/3/15,Henan,1,-20
2024/3/16,Henan,3,4
2024/3/17,Henan,1,34
2024/3/18,Henan,4,-10
2024/3/19,Henan,2,48
2024/3/20,Henan,4,60
2024/3/21,Henan,3,38
2024/3/22,Henan,2,47
2024/3/23,Henan,4,67
2024/3/24,Henan,3,-18
2024/3/25,Henan,4,52
2024/3/26,Henan,3,5
2024/3/27,Henan,3,21
2024/3/28,Henan,1,62
2024/3/29,Henan,1,-48
2024/3/30,Henan,2,-39
2024/3/31,Henan,3,76
2024/4/1,Henan,1,63
2024/4/2,Henan,2,80
2024/4/3,Henan,1,78
2024/4/4,Henan,2,21
2024/4/5,Henan,2,62
2024/4/6,Henan,4,78
2024/4/7,Henan,4,52
2024/4/8,Henan,1,-46
2024/4/9,Henan,1,37
2024/4/10,Henan,4,-1
2024/4/11,Henan,2,-43
2024/4/12,Henan,2,-38
2024/4/13,Henan,4,-38
2024/4/14,Henan,1,-21
2024/4/15,Henan,3,-22
2024/4/16,Henan,4,34
2024/4/17,Henan,4,51
2024/4/18,Henan,2,56
2024/4/19,Henan,3,-39
2024/4/20,Henan,1,40
2024/4/21,Henan,1,98
2024/4/22,Henan,2,96
2024/4/23,Henan,2,-20
2024/4/24,Henan,1,43
2024/4/25,Henan,3,-21
2024/4/26,Henan,1,14
2024/4/27,Henan,4,98
2024/4/28,Henan,3,-42
2024/4/29,Henan,4,98
2024/4/30,Henan,1,71
2024/5/1,Henan,2,61
2024/5/2,Henan,3,-22
2024/5/3,Henan,3,61
2024/5/4,Henan,1,30
2024/5/5,Henan,4,-1
2024/5/6,Henan,2,-50
2024/5/7,Henan,4,66
2024/5/8,Henan,3,-24
2024/5/9,Henan,4,83
2024/5/10,Henan,4,-21
2024/5/11,Henan,4,47
2024/5/12,Henan,4,6
2024/5/13,Henan,3,57
2024/5/14,Henan,2,9
2024/5/15,Henan,4,6
2024/5/16,Henan,1,35
2024/5/17,Henan,3,55
2024/5/18,Henan,4,26
2024/5/19,Henan,2,5
2024/5/20,Henan,1,-5
2024/5/21,Henan,3,-50
2024/5/22,Henan,1,59
2024/5/23,Henan,2,66
2024/5/24,Henan,2,43
2024/5/25,Henan,3,95
2024/5/26,Henan,1,78
2024/5/27,Henan,1,8
2024/5/28,Henan,3,-38
2024/5/29,Henan,2,-8
2024/5/30,Henan,2,-36
2024/5/31,Henan,1,50
2024/6/1,Henan,3,-21
2024/6/2,Henan,4,-25
2024/6/3,Henan,2,84
2024/6/4,Henan,3,-26
2024/6/5,Henan,4,18
2024/6/6,Henan,3,63
2024/6/7,Henan,2,28
2024/6/8,Henan,2,22
2024/6/9,Henan,3,-45
2024/6/10,Henan,2,47
2024/6/11,Henan,3,0
2024/6/12,Henan,1,54
2024/6/13,Henan,4,36
2024/6/14,Henan,2,68
2024/6/15,Henan,3,92
2024/6/16,Henan,1,14
2024/6/17,Henan,1,51
2024/6/18,Henan,1,17
2024/6/19,Henan,4,67
2024/6/20,Henan,3,99
2024/6/21,Henan,3,11
2024/6/22,Henan,1,21
2024/6/23,Henan,1,12
2024/6/24,Henan,4,42
2024/6/25,Henan,1,-13
2024/6/26,Henan,1,36
2024/6/27,Henan,4,61
2024/6/28,Henan,3,5
2024/6/29,Henan,2,21
2024/1/1,Hunan,1,-37
2024/1/2,Hunan,1,96
2024/1/3,Hunan,2,-44
2024/1/4,Hunan,2,-43
2024/1/5,Hunan,3,-19
2024/1/6,Hunan,1,-10
2024/1/7,Hunan,4,88
2024/1/8,Hunan,4,-13
2024/1/9,Hunan,2,-37
2024/1/10,Hunan,3,41
2024/1/11,Hunan,2,4
2024/1/12,Hunan,2,44
2024/1/13,Hunan,1,30
2024/1/14,Hunan,1,20
2024/1/15,Hunan,2,-28
2024/1/16,Hunan,2,79
2024/1/17,Hunan,3,92
2024/1/18,Hunan,1,16
2024/1/19,Hunan,4,69
2024/1/20,Hunan,2,20
2024/1/21,Hunan,1,63
2024/1/22,Hunan,1,14
2024/1/23,Hunan,3,-6
2024/1/24,Hunan,3,61
2024/1/25,Hunan,2,4
2024/1/26,Hunan,4,-43
2024/1/27,Hunan,4,-28
2024/1/28,Hunan,1,58
2024/1/29,Hunan,4,-42
2024/1/30,Hunan,3,62
2024/1/31,Hunan,2,-10
2024/2/1,Hunan,1,69
2024/2/2,Hunan,2,79
2024/2/3,Hunan,3,84
2024/2/4,Hunan,2,58
2024/2/5,Hunan,2,96
2024/2/6,Hunan,2,71
2024/2/7,Hunan,1,91
2024/2/8,Hunan,4,13
2024/2/9,Hunan,3,45
2024/2/10,Hunan,4,85
2024/2/11,Hunan,2,-29
2024/2/12,Hunan,2,25
2024/2/13,Hunan,2,-12
2024/2/14,Hunan,4,13
2024/2/15,Hunan,4,6
2024/2/16,Hunan,2,46
2024/2/17,Hunan,2,27
2024/2/18,Hunan,2,36
2024/2/19,Hunan,4,88
2024/2/20,Hunan,2,81
2024/2/21,Hunan,3,96
2024/2/22,Hunan,3,-1
2024/2/23,Hunan,2,-47
2024/2/24,Hunan,1,-32
2024/2/25,Hunan,2,8
2024/2/26,Hunan,3,60
2024/2/27,Hunan,3,-10
2024/2/28,Hunan,2,-44
2024/3/1,Hunan,3,41
2024/3/2,Hunan,4,33
2024/3/3,Hunan,3,-22
2024/3/4,Hunan,3,50
2024/3/5,Hunan,3,66
2024/3/6,Hunan,2,90
2024/3/7,Hunan,2,51
2024/3/8,Hunan,3,-24
2024/3/9,Hunan,3,-49
2024/3/10,Hunan,4,54
2024/3/11,Hunan,1,79
2024/3/12,Hunan,2,-32
2024/3/13,Hunan,3,51
2024/3/14,Hunan,1,75
2024/3/15,Hunan,3,-4
2024/3/16,Hunan,4,31
2024/3/17,Hunan,1,-17
2024/3/18,Hunan,1,90
2024/3/19,Hunan,4,73
2024/3/20,Hunan,1,-49
2024/3/21,Hunan,1,-29
2024/3/22,Hunan,1,-47
2024/3/23,Hunan,1,51
2024/3/24,Hunan,2,-10
2024/3/25,Hunan,2,-46
2024/3/26,Hunan,4,25
2024/3/27,Hunan,3,6
2024/3/28,Hunan,4,14
2024/3/29,Hunan,2,6
2024/3/30,Hunan,1,-11
2024/3/31,Hunan,3,37
2024/4/1,Hunan,4,48
2024/4/2,Hunan,2,21
2024/4/3,Hunan,1,8
2024/4/4,Hunan,3,9
2024/4/5,Hunan,1,-32
2024/4/6,Hunan,1,9
2024/4/7,Hunan,1,-45
2024/4/8,Hunan,2,-5
2024/4/9,Hunan,2,41
2024/4/10,Hunan,3,-31
2024/4/11,Hunan,2,49
2024/4/12,Hunan,3,-42
2024/4/13,Hunan,4,11
2024/4/14,Hunan,3,67
2024/4/15,Hunan,4,17
2024/4/16,Hunan,2,-4
2024/4/17,Hunan,1,11
2024/4/18,Hunan,3,96
2024/4/19,Hunan,2,24
2024/4/20,Hunan,3,39
2024/4/21,Hunan,1,94
2024/4/22,Hunan,1,-11
2024/4/23,Hunan,1,22
2024/4/24,Hunan,4,37
2024/4/25,Hunan,3,-5
2024/4/26,Hunan,1,89
2024/4/27,Hunan,3,92
2024/4/28,Hunan,4,76
2024/4/29,Hunan,2,14
2024/4/30,Hunan,4,-24
2024/5/1,Hunan,4,57
2024/5/2,Hunan,1,20
2024/5/3,Hunan,1,-34
2024/5/4,Hunan,1,50
2024/5/5,Hunan,1,-40
2024/5/6,Hunan,4,53
2024/5/7,Hunan,4,57
2024/5/8,Hunan,2,23
2024/5/9,Hunan,4,32
2024/5/10,Hunan,4,47
2024/5/11,Hunan,2,-17
2024/5/12,Hunan,3,66
2024/5/13,Hunan,3,-45
2024/5/14,Hunan,2,58
2024/5/15,Hunan,1,-19
2024/5/16,Hunan,2,62
2024/5/17,Hunan,2,6
2024/5/18,Hunan,2,-17
2024/5/19,Hunan,1,-21
2024/5/20,Hunan,1,68
2024/5/21,Hunan,1,88
2024/5/22,Hunan,1,43
2024/5/23,Hunan,2,-33
2024/5/24,Hunan,3,-14
2024/5/25,Hunan,2,65
2024/5/26,Hunan,4,80
2024/5/27,Hunan,4,86
2024/5/28,Hunan,1,71
2024/5/29,Hunan,1,82
2024/5/30,Hunan,4,-50
2024/5/31,Hunan,4,-42
2024/6/1,Hunan,3,38
2024/6/2,Hunan,3,45
2024/6/3,Hunan,1,65
2024/6/4,Hunan,4,-28
2024/6/5,Hunan,1,-43
2024/6/6,Hunan,3,-1
2024/6/7,Hunan,4,4
2024/6/8,Hunan,3,-8
2024/6/9,Hunan,1,-25
2024/6/10,Hunan,3,-32
2024/6/11,Hunan,3,26
2024/6/12,Hunan,1,60
2024/6/13,Hunan,2,97
2024/6/14,Hunan,3,53
2024/6/15,Hunan,1,29
2024/6/16,Hunan,1,45
2024/6/17,Hunan,1,26
2024/6/18,Hunan,3,-33
2024/6/19,Hunan,1,66
2024/6/20,Hunan,4,10
2024/6/21,Hunan,3,47
2024/6/22,Hunan,1,59
2024/6/23,Hunan,3,7
2024/6/24,Hunan,4,5
2024/6/25,Hunan,2,67
2024/6/26,Hunan,1,87
2024/6/27,Hunan,4,93
2024/6/28,Hunan,2,15
2024/6/29,Hunan,1,53
2024/1/1,Hubei,1,81
2024/1/2,Hubei,4,44
2024/1/3,Hubei,3,-8
2024/1/4,Hubei,2,-46
2024/1/5,Hubei,4,0
2024/1/6,Hubei,4,-17
2024/1/7,Hubei,3,-30
2024/1/8,Hubei,4,53
2024/1/9,Hubei,1,98
2024/1/10,Hubei,4,97
2024/1/11,Hubei,3,-38
2024/1/12,Hubei,4,24
2024/1/13,Hubei,2,45
2024/1/14,Hubei,3,19
2024/1/15,Hubei,4,-4
2024/1/16,Hubei,2,62
2024/1/17,Hubei,4,-23
2024/1/18,Hubei,4,-47
2024/1/19,Hubei,3,-49
2024/1/20,Hubei,1,55
2024/1/21,Hubei,1,-21
2024/1/22,Hubei,1,58
2024/1/23,Hubei,2,-6
2024/1/24,Hubei,1,64
2024/1/25,Hubei,3,-1
2024/1/26,Hubei,2,50
2024/1/27,Hubei,3,-24
2024/1/28,Hubei,3,47
2024/1/29,Hubei,3,-18
2024/1/30,Hubei,2,-47
2024/1/31,Hubei,4,64
2024/2/1,Hubei,1,84
2024/2/2,Hubei,2,97
2024/2/3,Hubei,3,-38
2024/2/4,Hubei,3,86
2024/2/5,Hubei,3,28
2024/2/6,Hubei,1,88
2024/2/7,Hubei,1,67
2024/2/8,Hubei,1,10
2024/2/9,Hubei,3,99
2024/2/10,Hubei,3,11
2024/2/11,Hubei,2,53
2024/2/12,Hubei,3,60
2024/2/13,Hubei,4,21
2024/2/14,Hubei,3,-28
2024/2/15,Hubei,4,43
2024/2/16,Hubei,1,-13
2024/2/17,Hubei,3,-12
2024/2/18,Hubei,1,48
2024/2/19,Hubei,1,-41
2024/2/20,Hubei,3,64
2024/2/21,Hubei,3,44
2024/2/22,Hubei,1,-35
2024/2/23,Hubei,1,80
2024/2/24,Hubei,3,31
2024/2/25,Hubei,2,-5
2024/2/26,Hubei,1,62
2024/2/27,Hubei,2,-36
2024/2/28,Hubei,2,-36
2024/3/1,Hubei,3,80
2024/3/2,Hubei,3,26
2024/3/3,Hubei,1,-38
2024/3/4,Hubei,3,-32
2024/3/5,Hubei,2,77
2024/3/6,Hubei,2,-30
2024/3/7,Hubei,1,-35
2024/3/8,Hubei,2,89
2024/3/9,Hubei,2,15
2024/3/10,Hubei,2,88
2024/3/11,Hubei,2,-9
2024/3/12,Hubei,4,-25
2024/3/13,Hubei,1,29
2024/3/14,Hubei,1,36
2024/3/15,Hubei,1,53
2024/3/16,Hubei,3,71
2024/3/17,Hubei,3,-1
2024/3/18,Hubei,2,70
2024/3/19,Hubei,4,17
2024/3/20,Hubei,4,65
2024/3/21,Hubei,3,45
2024/3/22,Hubei,1,-12
2024/3/23,Hubei,4,62
2024/3/24,Hubei,3,-48
2024/3/25,Hubei,3,9
2024/3/26,Hubei,2,-21
2024/3/27,Hubei,1,-40
2024/3/28,Hubei,3,-20
2024/3/29,Hubei,3,-34
2024/3/30,Hubei,3,66
2024/3/31,Hubei,3,11
2024/4/1,Hubei,4,-9
2024/4/2,Hubei,3,13
2024/4/3,Hubei,1,-6
2024/4/4,Hubei,3,35
2024/4/5,Hubei,1,43
2024/4/6,Hubei,1,29
2024/4/7,Hubei,1,-50
2024/4/8,Hubei,4,-22
2024/4/9,Hubei,3,90
2024/4/10,Hubei,1,45
2024/4/11,Hubei,3,-7
2024/4/12,Hubei,1,17
2024/4/13,Hubei,2,53
2024/4/14,Hubei,2,-9
2024/4/15,Hubei,3,66
2024/4/16,Hubei,2,10
2024/4/17,Hubei,3,-31
2024/4/18,Hubei,4,3
2024/4/19,Hubei,4,66
2024/4/20,Hubei,1,61
2024/4/21,Hubei,2,-18
2024/4/22,Hubei,2,80
2024/4/23,Hubei,4,58
2024/4/24,Hubei,1,25
2024/4/25,Hubei,2,60
2024/4/26,Hubei,1,37
2024/4/27,Hubei,1,14
2024/4/28,Hubei,3,-22
2024/4/29,Hubei,2,99
2024/4/30,Hubei,1,84
2024/5/1,Hubei,1,87
2024/5/2,Hubei,2,31
2024/5/3,Hubei,3,59
2024/5/4,Hubei,2,-18
2024/5/5,Hubei,1,-9
2024/5/6,Hubei,3,18
2024/5/7,Hubei,3,-25
2024/5/8,Hubei,1,48
2024/5/9,Hubei,3,63
2024/5/10,Hubei,4,-48
2024/5/11,Hubei,3,90
2024/5/12,Hubei,2,68
2024/5/13,Hubei,2,92
2024/5/14,Hubei,4,87
2024/5/15,Hubei,1,-10
2024/5/16,Hubei,1,-39
2024/5/17,Hubei,4,-18
2024/5/18,Hubei,2,18
2024/5/19,Hubei,2,71
2024/5/20,Hubei,3,27
2024/5/21,Hubei,2,62
2024/5/22,Hubei,4,95
2024/5/23,Hubei,1,25
2024/5/24,Hubei,1,-16
2024/5/25,Hubei,2,62
2024/5/26,Hubei,3,-4
2024/5/27,Hubei,3,-47
2024/5/28,Hubei,2,5
2024/5/29,Hubei,3,90
2024/5/30,Hubei,1,77
2024/5/31,Hubei,4,-44
2024/6/1,Hubei,4,76
2024/6/2,Hubei,2,29
2024/6/3,Hubei,1,-28
2024/6/4,Hubei,1,65
2024/6/5,Hubei,1,73
2024/6/6,Hubei,3,57
2024/6/7,Hubei,2,7
2024/6/8,Hubei,2,-2
2024/6/9,Hubei,3,38
2024/6/10,Hubei,1,-45
2024/6/11,Hubei,4,-7
2024/6/12,Hubei,4,33
2024/6/13,Hubei,1,-23
2024/6/14,Hubei,3,83
2024/6/15,Hubei,2,-29
2024/6/16,Hubei,4,-50
2024/6/17,Hubei,2,-13
2024/6/18,Hubei,3,-39
2024/6/19,Hubei,4,96
2024/6/20,Hubei,4,35
2024/6/21,Hubei,2,-24
2024/6/22,Hubei,3,15
2024/6/23,Hubei,1,49
2024/6/24,Hubei,2,66
2024/6/25,Hubei,1,70
2024/6/26,Hubei,3,-42
2024/6/27,Hubei,2,1
2024/6/28,Hubei,1,2
2024/6/29,Hubei,3,49
2024/1/1,Anhui,4,92
2024/1/2,Anhui,2,76
2024/1/3,Anhui,3,-13
2024/1/4,Anhui,2,81
2024/1/5,Anhui,1,65
2024/1/6,Anhui,2,-25
2024/1/7,Anhui,3,48
2024/1/8,Anhui,4,60
2024/1/9,Anhui,3,-21
2024/1/10,Anhui,3,53
2024/1/11,Anhui,2,-49
2024/1/12,Anhui,1,-37
2024/1/13,Anhui,4,-36
2024/1/14,Anhui,4,-44
2024/1/15,Anhui,3,-22
2024/1/16,Anhui,4,61
2024/1/17,Anhui,2,28
2024/1/18,Anhui,2,-1
2024/1/19,Anhui,2,12
2024/1/20,Anhui,3,39
2024/1/21,Anhui,1,32
2024/1/22,Anhui,2,91
2024/1/23,Anhui,3,-40
2024/1/24,Anhui,4,-20
2024/1/25,Anhui,1,82
2024/1/26,Anhui,4,67
2024/1/27,Anhui,2,20
2024/1/28,Anhui,2,21
2024/1/29,Anhui,1,38
2024/1/30,Anhui,3,22
2024/1/31,Anhui,1,24
2024/2/1,Anhui,1,-39
2024/2/2,Anhui,3,79
2024/2/3,Anhui,1,-2
2024/2/4,Anhui,2,55
2024/2/5,Anhui,1,24
2024/2/6,Anhui,2,86
2024/2/7,Anhui,4,-50
2024/2/8,Anhui,3,41
2024/2/9,Anhui,1,-25
2024/2/10,Anhui,2,-11
2024/2/11,Anhui,4,-30
2024/2/12,Anhui,4,4
2024/2/13,Anhui,1,-19
2024/2/14,Anhui,1,-5
2024/2/15,Anhui,2,25
2024/2/16,Anhui,1,-35
2024/2/17,Anhui,4,9
2024/2/18,Anhui,2,31
2024/2/19,Anhui,4,79
2024/2/20,Anhui,3,43
2024/2/21,Anhui,3,3
2024/2/22,Anhui,4,57
2024/2/23,Anhui,3,60
2024/2/24,Anhui,2,-23
2024/2/25,Anhui,2,37
2024/2/26,Anhui,1,48
2024/2/27,Anhui,2,-46
2024/2/28,Anhui,2,-20
2024/3/1,Anhui,1,-22
2024/3/2,Anhui,4,84
2024/3/3,Anhui,4,-49
2024/3/4,Anhui,3,12
2024/3/5,Anhui,4,-15
2024/3/6,Anhui,1,-3
2024/3/7,Anhui,1,-42
2024/3/8,Anhui,2,15
2024/3/9,Anhui,1,-50
2024/3/10,Anhui,1,28
2024/3/11,Anhui,1,74
2024/3/12,Anhui,1,24
2024/3/13,Anhui,2,43
2024/3/14,Anhui,4,-15
2024/3/15,Anhui,2,97
2024/3/16,Anhui,4,43
2024/3/17,Anhui,2,36
2024/3/18,Anhui,2,14
2024/3/19,Anhui,3,-7
2024/3/20,Anhui,4,-19
2024/3/21,Anhui,4,89
2024/3/22,Anhui,4,-50
2024/3/23,Anhui,3,20
2024/3/24,Anhui,1,40
2024/3/25,Anhui,1,-3
2024/3/26,Anhui,1,43
2024/3/27,Anhui,1,45
2024/3/28,Anhui,4,-8
2024/3/29,Anhui,3,77
2024/3/30,Anhui,2,20
2024/3/31,Anhui,4,-30
2024/4/1,Anhui,3,-21
2024/4/2,Anhui,4,35
2024/4/3,Anhui,3,76
2024/4/4,Anhui,1,10
2024/4/5,Anhui,4,-3
2024/4/6,Anhui,3,-48
2024/4/7,Anhui,1,-33
2024/4/8,Anhui,1,7
2024/4/9,Anhui,2,-49
2024/4/10,Anhui,2,-29
2024/4/11,Anhui,2,83
2024/4/12,Anhui,1,-43
2024/4/13,Anhui,4,2
2024/4/14,Anhui,3,74
2024/4/15,Anhui,4,45
2024/4/16,Anhui,4,82
2024/4/17,Anhui,4,36
2024/4/18,Anhui,1,75
2024/4/19,Anhui,2,56
2024/4/20,Anhui,4,-26
2024/4/21,Anhui,1,28
2024/4/22,Anhui,2,27
2024/4/23,Anhui,1,59
2024/4/24,Anhui,4,40
2024/4/25,Anhui,1,-11
2024/4/26,Anhui,2,-29
2024/4/27,Anhui,2,33
2024/4/28,Anhui,3,27
2024/4/29,Anhui,1,-8
2024/4/30,Anhui,3,-7
2024/5/1,Anhui,3,82
2024/5/2,Anhui,3,28
2024/5/3,Anhui,4,52
2024/5/4,Anhui,4,-33
2024/5/5,Anhui,1,0
2024/5/6,Anhui,4,94
2024/5/7,Anhui,4,12
2024/5/8,Anhui,3,-7
2024/5/9,Anhui,4,-21
2024/5/10,Anhui,4,40
2024/5/11,Anhui,1,42
2024/5/12,Anhui,3,26
2024/5/13,Anhui,3,64
2024/5/14,Anhui,1,94
2024/5/15,Anhui,2,-12
2024/5/16,Anhui,2,-10
2024/5/17,Anhui,3,67
2024/5/18,Anhui,2,60
2024/5/19,Anhui,4,35
2024/5/20,Anhui,3,45
2024/5/21,Anhui,3,78
2024/5/22,Anhui,3,-11
2024/5/23,Anhui,4,-6
2024/5/24,Anhui,3,-2
2024/5/25,Anhui,1,-45
2024/5/26,Anhui,4,80
2024/5/27,Anhui,4,49
2024/5/28,Anhui,2,-25
2024/5/29,Anhui,2,-15
2024/5/30,Anhui,3,70
2024/5/31,Anhui,3,18
2024/6/1,Anhui,4,15
2024/6/2,Anhui,1,35
2024/6/3,Anhui,3,96
2024/6/4,Anhui,3,35
2024/6/5,Anhui,4,78
2024/6/6,Anhui,4,77
2024/6/7,Anhui,2,3
2024/6/8,Anhui,4,67
2024/6/9,Anhui,1,60
2024/6/10,Anhui,4,88
2024/6/11,Anhui,4,93
2024/6/12,Anhui,3,38
2024/6/13,Anhui,1,12
2024/6/14,Anhui,4,17
2024/6/15,Anhui,1,31
2024/6/16,Anhui,3,-19
2024/6/17,Anhui,4,41
2024/6/18,Anhui,2,-24
2024/6/19,Anhui,2,79
2024/6/20,Anhui,1,93
2024/6/21,Anhui,3,93
2024/6/22,Anhui,3,21
2024/6/23,Anhui,2,14
2024/6/24,Anhui,4,19
2024/6/25,Anhui,1,29
2024/6/26,Anhui,1,-2
2024/6/27,Anhui,4,46
2024/6/28,Anhui,3,77
2024/6/29,Anhui,1,82
2024/1/1,Guangxi,1,-39
2024/1/2,Guangxi,1,65
2024/1/3,Guangxi,3,40
2024/1/4,Guangxi,4,27
2024/1/5,Guangxi,1,55
2024/1/6,Guangxi,2,-20
2024/1/7,Guangxi,1,14
2024/1/8,Guangxi,4,39
2024/1/9,Guangxi,3,29
2024/1/10,Guangxi,1,19
2024/1/11,Guangxi,3,-13
2024/1/12,Guangxi,2,-5
2024/1/13,Guangxi,1,-24
2024/1/14,Guangxi,4,38
2024/1/15,Guangxi,2,57
2024/1/16,Guangxi,4,22
2024/1/17,Guangxi,4,69
2024/1/18,Guangxi,1,-9
2024/1/19,Guangxi,3,37
2024/1/20,Guangxi,3,11
2024/1/21,Guangxi,4,-44
2024/1/22,Guangxi,3,79
2024/1/23,Guangxi,3,91
2024/1/24,Guangxi,4,-7
2024/1/25,Guangxi,4,-25
2024/1/26,Guangxi,3,32
2024/1/27,Guangxi,1,-45
2024/1/28,Guangxi,4,36
2024/1/29,Guangxi,3,76
2024/1/30,Guangxi,1,55
2024/1/31,Guangxi,2,-19
2024/2/1,Guangxi,2,36
2024/2/2,Guangxi,3,28
2024/2/3,Guangxi,4,41
2024/2/4,Guangxi,4,29
2024/2/5,Guangxi,2,38
2024/2/6,Guangxi,2,70
2024/2/7,Guangxi,2,78
2024/2/8,Guangxi,2,-23
2024/2/9,Guangxi,2,-27
2024/2/10,Guangxi,2,65
2024/2/11,Guangxi,3,1
2024/2/12,Guangxi,2,70
2024/2/13,Guangxi,2,34
2024/2/14,Guangxi,4,-4
2024/2/15,Guangxi,3,16
2024/2/16,Guangxi,3,-15
2024/2/17,Guangxi,2,88
2024/2/18,Guangxi,4,-11
2024/2/19,Guangxi,1,18
2024/2/20,Guangxi,4,95
2024/2/21,Guangxi,4,-7
2024/2/22,Guangxi,3,4
2024/2/23,Guangxi,3,9
2024/2/24,Guangxi,2,93
2024/2/25,Guangxi,4,17
2024/2/26,Guangxi,4,17
2024/2/27,Guangxi,4,55
2024/2/28,Guangxi,3,8
2024/3/1,Guangxi,1,-6
2024/3/2,Guangxi,1,-26
2024/3/3,Guangxi,4,-15
2024/3/4,Guangxi,3,51
2024/3/5,Guangxi,3,15
2024/3/6,Guangxi,3,14
2024/3/7,Guangxi,4,59
2024/3/8,Guangxi,4,25
2024/3/9,Guangxi,3,86
2024/3/10,Guangxi,4,71
2024/3/11,Guangxi,1,41
2024/3/12,Guangxi,1,52
2024/3/13,Guangxi,1,-34
2024/3/14,Guangxi,2,-35
2024/3/15,Guangxi,1,17
2024/3/16,Guangxi,3,97
2024/3/17,Guangxi,2,19
2024/3/18,Guangxi,2,-12
2024/3/19,Guangxi,3,11
2024/3/20,Guangxi,4,-4
2024/3/21,Guangxi,2,33
2024/3/22,Guangxi,2,7
2024/3/23,Guangxi,4,-11
2024/3/24,Guangxi,2,26
2024/3/25,Guangxi,2,-9
2024/3/26,Guangxi,1,12
2024/3/27,Guangxi,2,1
2024/3/28,Guangxi,1,57
2024/3/29,Guangxi,2,84
2024/3/30,Guangxi,2,20
2024/3/31,Guangxi,4,96
2024/4/1,Guangxi,2,97
2024/4/2,Guangxi,2,42
2024/4/3,Guangxi,1,7
2024/4/4,Guangxi,3,-20
2024/4/5,Guangxi,4,49
2024/4/6,Guangxi,4,29
2024/4/7,Guangxi,1,96
2024/4/8,Guangxi,4,51
2024/4/9,Guangxi,2,-32
2024/4/10,Guangxi,1,17
2024/4/11,Guangxi,2,67
2024/4/12,Guangxi,1,84
2024/4/13,Guangxi,3,40
2024/4/14,Guangxi,1,84
2024/4/15,Guangxi,1,-25
2024/4/16,Guangxi,3,29
2024/4/17,Guangxi,2,86
2024/4/18,Guangxi,1,54
2024/4/19,Guangxi,2,-20
2024/4/20,Guangxi,1,8
2024/4/21,Guangxi,3,30
2024/4/22,Guangxi,4,-29
2024/4/23,Guangxi,4,-28
2024/4/24,Guangxi,3,84
2024/4/25,Guangxi,4,33
2024/4/26,Guangxi,1,54
2024/4/27,Guangxi,2,45
2024/4/28,Guangxi,3,-25
2024/4/29,Guangxi,1,10
2024/4/30,Guangxi,3,-26
2024/5/1,Guangxi,1,61
2024/5/2,Guangxi,2,70
2024/5/3,Guangxi,1,17
2024/5/4,Guangxi,1,6
2024/5/5,Guangxi,1,95
2024/5/6,Guangxi,1,79
2024/5/7,Guangxi,2,86
2024/5/8,Guangxi,4,-45
2024/5/9,Guangxi,4,-30
2024/5/10,Guangxi,4,-7
2024/5/11,Guangxi,4,69
2024/5/12,Guangxi,4,42
2024/5/13,Guangxi,4,57
2024/5/14,Guangxi,4,16
2024/5/15,Guangxi,2,-37
2024/5/16,Guangxi,4,-40
2024/5/17,Guangxi,3,-34
2024/5/18,Guangxi,1,26
2024/5/19,Guangxi,3,74
2024/5/20,Guangxi,1,-36
2024/5/21,Guangxi,1,6
2024/5/22,Guangxi,2,41
2024/5/23,Guangxi,2,-48
2024/5/24,Guangxi,4,19
2024/5/25,Guangxi,4,79
2024/5/26,Guangxi,3,17
2024/5/27,Guangxi,1,82
2024/5/28,Guangxi,2,77
2024/5/29,Guangxi,4,63
2024/5/30,Guangxi,4,25
2024/5/31,Guangxi,3,30
2024/6/1,Guangxi,3,47
2024/6/2,Guangxi,3,79
2024/6/3,Guangxi,2,-44
2024/6/4,Guangxi,4,95
2024/6/5,Guangxi,1,40
2024/6/6,Guangxi,2,42
2024/6/7,Guangxi,2,26
2024/6/8,Guangxi,4,-47
2024/6/9,Guangxi,1,36
2024/6/10,Guangxi,2,-47
2024/6/11,Guangxi,2,77
2024/6/12,Guangxi,4,63
2024/6/13,Guangxi,2,43
2024/6/14,Guangxi,2,80
2024/6/15,Guangxi,2,-40
2024/6/16,Guangxi,4,68
2024/6/17,Guangxi,1,53
2024/6/18,Guangxi,4,63
2024/6/19,Guangxi,3,-47
2024/6/20,Guangxi,2,53
2024/6/21,Guangxi,4,17
2024/6/22,Guangxi,4,-11
2024/6/23,Guangxi,3,-27
2024/6/24,Guangxi,3,35
2024/6/25,Guangxi,1,-6
2024/6/26,Guangxi,4,-27
2024/6/27,Guangxi,4,24
2024/6/28,Guangxi,3,-10
2024/6/29,Guangxi,2,-43
2024/1/1,Jilin,2,38
2024/1/2,Jilin,4,-43
2024/1/3,Jilin,3,-7
2024/1/4,Jilin,2,38
2024/1/5,Jilin,4,87
2024/1/6,Jilin,4,-27
2024/1/7,Jilin,2,96
2024/1/8,Jilin,2,26
2024/1/9,Jilin,4,82
2024/1/10,Jilin,1,94
2024/1/11,Jilin,2,14
2024/1/12,Jilin,3,-49
2024/1/13,Jilin,4,89
2024/1/14,Jilin,1,95
2024/1/15,Jilin,2,93
2024/1/16,Jilin,2,73
2024/1/17,Jilin,4,30
2024/1/18,Jilin,4,66
2024/1/19,Jilin,4,42
2024/1/20,Jilin,1,28
2024/1/21,Jilin,4,38
2024/1/22,Jilin,3,96
2024/1/23,Jilin,4,63
2024/1/24,Jilin,4,-38
2024/1/25,Jilin,3,9
2024/1/26,Jilin,2,42
2024/1/27,Jilin,4,49
2024/1/28,Jilin,4,42
2024/1/29,Jilin,3,-39
2024/1/30,Jilin,1,92
2024/1/31,Jilin,3,90
2024/2/1,Jilin,4,21
2024/2/2,Jilin,3,-39
2024/2/3,Jilin,2,96
2024/2/4,Jilin,3,59
2024/2/5,Jilin,2,5
2024/2/6,Jilin,4,-18
2024/2/7,Jilin,2,64
2024/2/8,Jilin,4,6
2024/2/9,Jilin,4,20
2024/2/10,Jilin,1,93
2024/2/11,Jilin,1,-49
2024/2/12,Jilin,4,66
2024/2/13,Jilin,2,57
2024/2/14,Jilin,2,1
2024/2/15,Jilin,2,62
2024/2/16,Jilin,3,56
2024/2/17,Jilin,2,22
2024/2/18,Jilin,2,-48
2024/2/19,Jilin,3,66
2024/2/20,Jilin,1,54
2024/2/21,Jilin,1,85
2024/2/22,Jilin,3,-13
2024/2/23,Jilin,4,-25
2024/2/24,Jilin,2,78
2024/2/25,Jilin,4,6
2024/2/26,Jilin,4,7
2024/2/27,Jilin,4,18
2024/2/28,Jilin,2,-2
2024/3/1,Jilin,2,42
2024/3/2,Jilin,2,-21
2024/3/3,Jilin,2,92
2024/3/4,Jilin,1,66
2024/3/5,Jilin,1,58
2024/3/6,Jilin,2,34
2024/3/7,Jilin,1,91
2024/3/8,Jilin,1,0
2024/3/9,Jilin,3,2
2024/3/10,Jilin,3,91
2024/3/11,Jilin,4,10
2024/3/12,Jilin,1,58
2024/3/13,Jilin,1,-19
2024/3/14,Jilin,3,38
2024/3/15,Jilin,1,18
2024/3/16,Jilin,2,91
2024/3/17,Jilin,3,11
2024/3/18,Jilin,3,6
2024/3/19,Jilin,3,91
2024/3/20,Jilin,4,-34
2024/3/21,Jilin,1,96
2024/3/22,Jilin,3,59
2024/3/23,Jilin,2,87
2024/3/24,Jilin,4,32
2024/3/25,Jilin,3,-41
2024/3/26,Jilin,1,30
2024/3/27,Jilin,2,66
2024/3/28,Jilin,1,94
2024/3/29,Jilin,1,68
2024/3/30,Jilin,4,-4
2024/3/31,Jilin,1,-19
2024/4/1,Jilin,3,-28
2024/4/2,Jilin,3,-4
2024/4/3,Jilin,3,49
2024/4/4,Jilin,4,84
2024/4/5,Jilin,2,38
2024/4/6,Jilin,1,34
2024/4/7,Jilin,4,40
2024/4/8,Jilin,4,92
2024/4/9,Jilin,1,-24
2024/4/10,Jilin,4,89
2024/4/11,Jilin,2,-11
2024/4/12,Jilin,1,1
2024/4/13,Jilin,4,74
2024/4/14,Jilin,4,87
2024/4/15,Jilin,1,71
2024/4/16,Jilin,2,-4
2024/4/17,Jilin,4,6
2024/4/18,Jilin,1,25
2024/4/19,Jilin,3,-10
2024/4/20,Jilin,4,-47
2024/4/21,Jilin,2,81
2024/4/22,Jilin,3,49
2024/4/23,Jilin,4,-22
2024/4/24,Jilin,1,68
2024/4/25,Jilin,2,69
2024/4/26,Jilin,2,44
2024/4/27,Jilin,3,98
2024/4/28,Jilin,4,49
2024/4/29,Jilin,3,87
2024/4/30,Jilin,2,9
2024/5/1,Jilin,1,-8
2024/5/2,Jilin,4,82
2024/5/3,Jilin,1,-41
2024/5/4,Jilin,4,-34
2024/5/5,Jilin,4,-34
2024/5/6,Jilin,3,43
2024/5/7,Jilin,3,-47
2024/5/8,Jilin,3,69
2024/5/9,Jilin,3,68
2024/5/10,Jilin,2,-39
2024/5/11,Jilin,1,-36
2024/5/12,Jilin,1,-37
2024/5/13,Jilin,4,-13
2024/5/14,Jilin,4,19
2024/5/15,Jilin,3,57
2024/5/16,Jilin,1,-49
2024/5/17,Jilin,1,-14
2024/5/18,Jilin,2,-27
2024/5/19,Jilin,4,57
2024/5/20,Jilin,1,38
2024/5/21,Jilin,2,25
2024/5/22,Jilin,3,74
2024/5/23,Jilin,1,10
2024/5/24,Jilin,2,56
2024/5/25,Jilin,3,45
2024/5/26,Jilin,4,27
2024/5/27,Jilin,1,-33
2024/5/28,Jilin,4,28
2024/5/29,Jilin,4,62
2024/5/30,Jilin,3,52
2024/5/31,Jilin,3,-46
2024/6/1,Jilin,2,-27
2024/6/2,Jilin,2,-40
2024/6/3,Jilin,1,72
2024/6/4,Jilin,2,77
2024/6/5,Jilin,1,-27
2024/6/6,Jilin,1,40
2024/6/7,Jilin,1,-17
2024/6/8,Jilin,4,46
2024/6/9,Jilin,2,-35
2024/6/10,Jilin,2,78
2024/6/11,Jilin,1,-17
2024/6/12,Jilin,4,68
2024/6/13,Jilin,1,72
2024/6/14,Jilin,2,58
2024/6/15,Jilin,4,-13
2024/6/16,Jilin,3,99
2024/6/17,Jilin,2,50
2024/6/18,Jilin,2,39
2024/6/19,Jilin,3,68
2024/6/20,Jilin,4,22
2024/6/21,Jilin,3,42
2024/6/22,Jilin,3,35
2024/6/23,Jilin,1,95
2024/6/24,Jilin,2,73
2024/6/25,Jilin,2,-1
2024/6/26,Jilin,4,-2
2024/6/27,Jilin,3,59
2024/6/28,Jilin,1,7
2024/6/29,Jilin,2,65
2024/1/1,Liaoning,4,12
2024/1/2,Liaoning,3,87
2024/1/3,Liaoning,1,34
2024/1/4,Liaoning,3,98
2024/1/5,Liaoning,2,-5
2024/1/6,Liaoning,4,5
2024/1/7,Liaoning,4,-21
2024/1/8,Liaoning,1,49
2024/1/9,Liaoning,2,48
2024/1/10,Liaoning,4,8
2024/1/11,Liaoning,2,-41
2024/1/12,Liaoning,3,17
2024/1/13,Liaoning,3,82
2024/1/14,Liaoning,3,-24
2024/1/15,Liaoning,4,37
2024/1/16,Liaoning,3,-36
2024/1/17,Liaoning,3,-44
2024/1/18,Liaoning,4,-21
2024/1/19,Liaoning,4,-48
2024/1/20,Liaoning,2,-3
2024/1/21,Liaoning,3,68
2024/1/22,Liaoning,4,-5
2024/1/23,Liaoning,1,82
2024/1/24,Liaoning,4,-16
2024/1/25,Liaoning,2,10
2024/1/26,Liaoning,4,6
2024/1/27,Liaoning,2,2
2024/1/28,Liaoning,3,-27
2024/1/29,Liaoning,4,7
2024/1/30,Liaoning,2,-15
2024/1/31,Liaoning,4,24
2024/2/1,Liaoning,3,-34
2024/2/2,Liaoning,3,91
2024/2/3,Liaoning,2,25
2024/2/4,Liaoning,1,-38
2024/2/5,Liaoning,2,-40
2024/2/6,Liaoning,3,-22
2024/2/7,Liaoning,1,-11
2024/2/8,Liaoning,1,55
2024/2/9,Liaoning,3,2
2024/2/10,Liaoning,3,23
2024/2/11,Liaoning,4,-50
2024/2/12,Liaoning,1,-48
2024/2/13,Liaoning,1,68
2024/2/14,Liaoning,3,73
2024/2/15,Liaoning,3,-36
2024/2/16,Liaoning,4,68
2024/2/17,Liaoning,3,-12
2024/2/18,Liaoning,4,4
2024/2/19,Liaoning,1,9
2024/2/20,Liaoning,3,52
2024/2/21,Liaoning,2,7
2024/2/22,Liaoning,3,75
2024/2/23,Liaoning,3,-35
2024/2/24,Liaoning,2,7
2024/2/25,Liaoning,4,-31
2024/2/26,Liaoning,2,11
2024/2/27,Liaoning,2,4
2024/2/28,Liaoning,3,99
2024/3/1,Liaoning,4,-7
2024/3/2,Liaoning,3,54
2024/3/3,Liaoning,1,-42
2024/3/4,Liaoning,4,89
2024/3/5,Liaoning,1,64
2024/3/6,Liaoning,3,15
2024/3/7,Liaoning,3,-4
2024/3/8,Liaoning,1,-11
2024/3/9,Liaoning,3,12
2024/3/10,Liaoning,4,20
2024/3/11,Liaoning,1,-48
2024/3/12,Liaoning,2,39
2024/3/13,Liaoning,1,-10
2024/3/14,Liaoning,2,-47
2024/3/15,Liaoning,4,-2
2024/3/16,Liaoning,4,53
2024/3/17,Liaoning,1,25
2024/3/18,Liaoning,1,2
2024/3/19,Liaoning,3,-46
2024/3/20,Liaoning,2,-50
2024/3/21,Liaoning,4,-9
2024/3/22,Liaoning,4,44
2024/3/23,Liaoning,2,-31
2024/3/24,Liaoning,2,-16
2024/3/25,Liaoning,2,-40
2024/3/26,Liaoning,4,-18
2024/3/27,Liaoning,3,63
2024/3/28,Liaoning,1,2
2024/3/29,Liaoning,3,-4
2024/3/30,Liaoning,2,62
2024/3/31,Liaoning,4,88
2024/4/1,Liaoning,4,25
2024/4/2,Liaoning,1,29
2024/4/3,Liaoning,3,73
2024/4/4,Liaoning,1,5
2024/4/5,Liaoning,2,38
2024/4/6,Liaoning,4,-18
2024/4/7,Liaoning,2,51
2024/4/8,Liaoning,3,42
2024/4/9,Liaoning,3,53
2024/4/10,Liaoning,1,23
2024/4/11,Liaoning,1,-48
2024/4/12,Liaoning,4,-3
2024/4/13,Liaoning,1,-27
2024/4/14,Liaoning,1,47
2024/4/15,Liaoning,3,31
2024/4/16,Liaoning,4,-22
2024/4/17,Liaoning,2,-1
2024/4/18,Liaoning,2,13
2024/4/19,Liaoning,2,8
2024/4/20,Liaoning,2,90
2024/4/21,Liaoning,2,26
2024/4/22,Liaoning,3,79
2024/4/23,Liaoning,1,97
2024/4/24,Liaoning,1,22
2024/4/25,Liaoning,2,-43
2024/4/26,Liaoning,3,19
2024/4/27,Liaoning,2,-38
2024/4/28,Liaoning,2,31
2024/4/29,Liaoning,4,69
2024/4/30,Liaoning,2,53
2024/5/1,Liaoning,3,85
2024/5/2,Liaoning,1,-35
2024/5/3,Liaoning,4,45
2024/5/4,Liaoning,2,99
2024/5/5,Liaoning,1,92
2024/5/6,Liaoning,4,90
2024/5/7,Liaoning,1,78
2024/5/8,Liaoning,2,-30
2024/5/9,Liaoning,1,54
2024/5/10,Liaoning,3,6
2024/5/11,Liaoning,2,17
2024/5/12,Liaoning,4,51
2024/5/13,Liaoning,1,-47
2024/5/14,Liaoning,3,-29
2024/5/15,Liaoning,3,8
2024/5/16,Liaoning,3,22
2024/5/17,Liaoning,1,-27
2024/5/18,Liaoning,4,11
2024/5/19,Liaoning,4,-14
2024/5/20,Liaoning,2,9
2024/5/21,Liaoning,1,14
2024/5/22,Liaoning,2,3
2024/5/23,Liaoning,2,31
2024/5/24,Liaoning,4,-12
2024/5/25,Liaoning,2,-12
2024/5/26,Liaoning,2,60
2024/5/27,Liaoning,3,39
2024/5/28,Liaoning,3,82
2024/5/29,Liaoning,3,6
2024/5/30,Liaoning,4,87
2024/5/31,Liaoning,4,-8
2024/6/1,Liaoning,2,-23
2024/6/2,Liaoning,2,15
2024/6/3,Liaoning,3,98
2024/6/4,Liaoning,4,75
2024/6/5,Liaoning,2,86
2024/6/6,Liaoning,3,95
2024/6/7,Liaoning,3,14
2024/6/8,Liaoning,2,-5
2024/6/9,Liaoning,1,-29
2024/6/10,Liaoning,1,-42
2024/6/11,Liaoning,1,67
2024/6/12,Liaoning,3,-15
2024/6/13,Liaoning,1,56
2024/6/14,Liaoning,1,35
2024/6/15,Liaoning,4,7
2024/6/16,Liaoning,1,46
2024/6/17,Liaoning,3,37
2024/6/18,Liaoning,2,-29
2024/6/19,Liaoning,2,58
2024/6/20,Liaoning,1,34
2024/6/21,Liaoning,3,74
2024/6/22,Liaoning,1,4
2024/6/23,Liaoning,4,-23
2024/6/24,Liaoning,1,-44
2024/6/25,Liaoning,4,-1
2024/6/26,Liaoning,2,24
2024/6/27,Liaoning,2,61
2024/6/28,Liaoning,1,88
2024/6/29,Liaoning,4,-3
2024/1/1,Heilongjiang,1,57
2024/1/2,Heilongjiang,3,41
2024/1/3,Heilongjiang,4,-7
2024/1/4,Heilongjiang,1,67
2024/1/5,Heilongjiang,2,78
2024/1/6,Heilongjiang,3,61
2024/1/7,Heilongjiang,4,-10
2024/1/8,Heilongjiang,2,43
2024/1/9,Heilongjiang,3,44
2024/1/10,Heilongjiang,4,60
2024/1/11,Heilongjiang,2,-33
2024/1/12,Heilongjiang,1,-41
2024/1/13,Heilongjiang,4,-13
2024/1/14,Heilongjiang,2,66
2024/1/15,Heilongjiang,4,47
2024/1/16,Heilongjiang,3,-50
2024/1/17,Heilongjiang,4,91
2024/1/18,Heilongjiang,3,50
2024/1/19,Heilongjiang,4,-11
2024/1/20,Heilongjiang,4,-38
2024/1/21,Heilongjiang,4,-43
2024/1/22,Heilongjiang,4,-41
2024/1/23,Heilongjiang,3,99
2024/1/24,Heilongjiang,1,-3
2024/1/25,Heilongjiang,2,76
2024/1/26,Heilongjiang,2,97
2024/1/27,Heilongjiang,1,73
2024/1/28,Heilongjiang,4,46
2024/1/29,Heilongjiang,2,14
2024/1/30,Heilongjiang,3,99
2024/1/31,Heilongjiang,2,-22
2024/2/1,Heilongjiang,3,0
2024/2/2,Heilongjiang,3,37
2024/2/3,Heilongjiang,2,33
2024/2/4,Heilongjiang,1,13
2024/2/5,Heilongjiang,2,-41
2024/2/6,Heilongjiang,4,24
2024/2/7,Heilongjiang,2,-28
2024/2/8,Heilongjiang,3,-6
2024/2/9,Heilongjiang,1,63
2024/2/10,Heilongjiang,4,2
2024/2/11,Heilongjiang,2,40
2024/2/12,Heilongjiang,4,95
2024/2/13,Heilongjiang,1,78
2024/2/14,Heilongjiang,3,79
2024/2/15,Heilongjiang,2,93
2024/2/16,Heilongjiang,3,-31
2024/2/17,Heilongjiang,2,-20
2024/2/18,Heilongjiang,4,-33
2024/2/19,Heilongjiang,3,21
2024/2/20,Heilongjiang,1,95
2024/2/21,Heilongjiang,4,81
2024/2/22,Heilongjiang,4,50
2024/2/23,Heilongjiang,1,61
2024/2/24,Heilongjiang,4,-11
2024/2/25,Heilongjiang,3,8
2024/2/26,Heilongjiang,1,5
2024/2/27,Heilongjiang,4,31
2024/2/28,Heilongjiang,3,44
2024/3/1,Heilongjiang,4,36
2024/3/2,Heilongjiang,2,54
2024/3/3,Heilongjiang,1,-37
2024/3/4,Heilongjiang,4,43
2024/3/5,Heilongjiang,1,98
2024/3/6,Heilongjiang,2,84
2024/3/7,Heilongjiang,1,67
2024/3/8,Heilongjiang,2,-2
2024/3/9,Heilongjiang,3,14
2024/3/10,Heilongjiang,2,20
2024/3/11,Heilongjiang,3,7
2024/3/12,Heilongjiang,2,9
2024/3/13,Heilongjiang,4,33
2024/3/14,Heilongjiang,1,90
2024/3/15,Heilongjiang,3,93
2024/3/16,Heilongjiang,4,53
2024/3/17,Heilongjiang,3,-4
2024/3/18,Heilongjiang,1,-5
2024/3/19,Heilongjiang,2,26
2024/3/20,Heilongjiang,1,0
2024/3/21,Heilongjiang,2,-28
2024/3/22,Heilongjiang,3,33
2024/3/23,Heilongjiang,1,44
2024/3/24,Heilongjiang,4,35
2024/3/25,Heilongjiang,2,76
2024/3/26,Heilongjiang,4,-18
2024/3/27,Heilongjiang,1,-8
2024/3/28,Heilongjiang,4,85
2024/3/29,Heilongjiang,2,48
2024/3/30,Heilongjiang,2,79
2024/3/31,Heilongjiang,3,-45
2024/4/1,Heilongjiang,2,73
2024/4/2,Heilongjiang,4,56
2024/4/3,Heilongjiang,2,58
2024/4/4,Heilongjiang,2,-8
2024/4/5,Heilongjiang,4,-19
2024/4/6,Heilongjiang,1,-32
2024/4/7,Heilongjiang,4,-25
2024/4/8,Heilongjiang,2,-11
2024/4/9,Heilongjiang,2,-10
2024/4/10,Heilongjiang,1,51
2024/4/11,Heilongjiang,4,28
2024/4/12,Heilongjiang,1,73
2024/4/13,Heilongjiang,1,-20
2024/4/14,Heilongjiang,1,73
2024/4/15,Heilongjiang,3,93
2024/4/16,Heilongjiang,4,44
2024/4/17,Heilongjiang,4,60
2024/4/18,Heilongjiang,4,-24
2024/4/19,Heilongjiang,2,-1
2024/4/20,Heilongjiang,1,26
2024/4/21,Heilongjiang,1,-40
2024/4/22,Heilongjiang,3,81
2024/4/23,Heilongjiang,1,-13
2024/4/24,Heilongjiang,3,-48
2024/4/25,Heilongjiang,4,22
2024/4/26,Heilongjiang,3,-12
2024/4/27,Heilongjiang,3,56
2024/4/28,Heilongjiang,2,-2
2024/4/29,Heilongjiang,4,55
2024/4/30,Heilongjiang,2,0
2024/5/1,Heilongjiang,4,-39
2024/5/2,Heilongjiang,4,93
2024/5/3,Heilongjiang,4,99
2024/5/4,Heilongjiang,1,-28
2024/5/5,Heilongjiang,4,-26
2024/5/6,Heilongjiang,2,-47
2024/5/7,Heilongjiang,2,37
2024/5/8,Heilongjiang,1,-32
2024/5/9,Heilongjiang,3,49
2024/5/10,Heilongjiang,3,99
2024/5/11,Heilongjiang,4,31
2024/5/12,Heilongjiang,3,-7
2024/5/13,Heilongjiang,3,61
2024/5/14,Heilongjiang,3,-24
2024/5/15,Heilongjiang,3,23
2024/5/16,Heilongjiang,3,56
2024/5/17,Heilongjiang,4,41
2024/5/18,Heilongjiang,1,-14
2024/5/19,Heilongjiang,1,74
2024/5/20,Heilongjiang,4,79
2024/5/21,Heilongjiang,2,77
2024/5/22,Heilongjiang,4,6
2024/5/23,Heilongjiang,2,71
2024/5/24,Heilongjiang,4,-29
2024/5/25,Heilongjiang,1,-31
2024/5/26,Heilongjiang,1,-43
2024/5/27,Heilongjiang,3,-43
2024/5/28,Heilongjiang,1,34
2024/5/29,Heilongjiang,2,4
2024/5/30,Heilongjiang,1,6
2024/5/31,Heilongjiang,4,76
2024/6/1,Heilongjiang,3,-47
2024/6/2,Heilongjiang,4,64
2024/6/3,Heilongjiang,3,14
2024/6/4,Heilongjiang,2,75
2024/6/5,Heilongjiang,4,-41
2024/6/6,Heilongjiang,1,-30
2024/6/7,Heilongjiang,2,68
2024/6/8,Heilongjiang,3,54
2024/6/9,Heilongjiang,2,55
2024/6/10,Heilongjiang,4,63
2024/6/11,Heilongjiang,3,-36
2024/6/12,Heilongjiang,3,62
2024/6/13,Heilongjiang,3,59
2024/6/14,Heilongjiang,3,62
2024/6/15,Heilongjiang,4,98
2024/6/16,Heilongjiang,4,36
2024/6/17,Heilongjiang,3,-49
2024/6/18,Heilongjiang,2,14
2024/6/19,Heilongjiang,2,96
2024/6/20,Heilongjiang,4,-21
2024/6/21,Heilongjiang,1,-30
2024/6/22,Heilongjiang,2,43
2024/6/23,Heilongjiang,3,-30
2024/6/24,Heilongjiang,3,-26
2024/6/25,Heilongjiang,3,-46
2024/6/26,Heilongjiang,4,99
2024/6/27,Heilongjiang,4,4
2024/6/28,Heilongjiang,2,-49
2024/6/29,Heilongjiang,4,13
2024/1/1,Shaanxi,2,22
2024/1/2,Shaanxi,4,18
2024/1/3,Shaanxi,1,7
2024/1/4,Shaanxi,1,88
2024/1/5,Shaanxi,1,-34
2024/1/6,Shaanxi,1,-16
2024/1/7,Shaanxi,3,5
2024/1/8,Shaanxi,3,-34
2024/1/9,Shaanxi,4,-50
2024/1/10,Shaanxi,4,12
2024/1/11,Shaanxi,1,3
2024/1/12,Shaanxi,3,13
2024/1/13,Shaanxi,2,35
2024/1/14,Shaanxi,2,49
2024/1/15,Shaanxi,3,86
2024/1/16,Shaanxi,2,-40
2024/1/17,Shaanxi,3,31
2024/1/18,Shaanxi,3,61
2024/1/19,Shaanxi,2,1
2024/1/20,Shaanxi,1,86
2024/1/21,Shaanxi,3,93
2024/1/22,Shaanxi,2,44
2024/1/23,Shaanxi,1,38
2024/1/24,Shaanxi,2,-14
2024/1/25,Shaanxi,3,77
2024/1/26,Shaanxi,3,19
2024/1/27,Shaanxi,1,-22
2024/1/28,Shaanxi,1,24
2024/1/29,Shaanxi,1,20
2024/1/30,Shaanxi,1,2
2024/1/31,Shaanxi,4,91
2024/2/1,Shaanxi,3,14
2024/2/2,Shaanxi,4,2
2024/2/3,Shaanxi,4,77
2024/2/4,Shaanxi,1,-16
2024/2/5,Shaanxi,2,57
2024/2/6,Shaanxi,4,87
2024/2/7,Shaanxi,2,79
2024/2/8,Shaanxi,3,8
2024/2/9,Shaanxi,3,10
2024/2/10,Shaanxi,4,-13
2024/2/11,Shaanxi,2,52
2024/2/12,Shaanxi,2,99
2024/2/13,Shaanxi,1,32
2024/2/14,Shaanxi,2,-31
2024/2/15,Shaanxi,3,87
2024/2/16,Shaanxi,4,85
2024/2/17,Shaanxi,1,13
2024/2/18,Shaanxi,3,59
2024/2/19,Shaanxi,3,41
2024/2/20,Shaanxi,2,9
2024/2/21,Shaanxi,3,-15
2024/2/22,Shaanxi,2,-7
2024/2/23,Shaanxi,4,19
2024/2/24,Shaanxi,4,1
2024/2/25,Shaanxi,1,-48
2024/2/26,Shaanxi,3,90
2024/2/27,Shaanxi,2,-11
2024/2/28,Shaanxi,2,64
2024/3/1,Shaanxi,2,-19
2024/3/2,Shaanxi,2,10
2024/3/3,Shaanxi,2,24
2024/3/4,Shaanxi,3,45
2024/3/5,Shaanxi,2,76
2024/3/6,Shaanxi,3,5
2024/3/7,Shaanxi,1,-42
2024/3/8,Shaanxi,4,57
2024/3/9,Shaanxi,3,77
2024/3/10,Shaanxi,1,-26
2024/3/11,Shaanxi,4,-17
2024/3/12,Shaanxi,4,-15
2024/3/13,Shaanxi,3,-34
2024/3/14,Shaanxi,4,75
2024/3/15,Shaanxi,2,38
2024/3/16,Shaanxi,1,61
2024/3/17,Shaanxi,1,28
2024/3/18,Shaanxi,2,66
2024/3/19,Shaanxi,2,5
2024/3/20,Shaanxi,4,51
2024/3/21,Shaanxi,4,46
2024/3/22,Shaanxi,2,-13
2024/3/23,Shaanxi,4,-34
2024/3/24,Shaanxi,2,8
2024/3/25,Shaanxi,2,-39
2024/3/26,Shaanxi,1,-49
2024/3/27,Shaanxi,4,26
2024/3/28,Shaanxi,2,-9
2024/3/29,Shaanxi,2,65
2024/3/30,Shaanxi,1,-18
2024/3/31,Shaanxi,2,-3
2024/4/1,Shaanxi,4,-15
2024/4/2,Shaanxi,3,46
2024/4/3,Shaanxi,4,39
2024/4/4,Shaanxi,2,-13
2024/4/5,Shaanxi,1,-43
2024/4/6,Shaanxi,3,62
2024/4/7,Shaanxi,3,-11
2024/4/8,Shaanxi,3,-4
2024/4/9,Shaanxi,4,92
2024/4/10,Shaanxi,4,-46
2024/4/11,Shaanxi,4,38
2024/4/12,Shaanxi,2,-15
2024/4/13,Shaanxi,4,21
2024/4/14,Shaanxi,4,91
2024/4/15,Shaanxi,2,57
2024/4/16,Shaanxi,3,95
2024/4/17,Shaanxi,4,6
2024/4/18,Shaanxi,4,20
2024/4/19,Shaanxi,4,1
2024/4/20,Shaanxi,3,12
2024/4/21,Shaanxi,3,16
2024/4/22,Shaanxi,3,84
2024/4/23,Shaanxi,2,45
2024/4/24,Shaanxi,2,-6
2024/4/25,Shaanxi,4,46
2024/4/26,Shaanxi,4,-2
2024/4/27,Shaanxi,4,72
2024/4/28,Shaanxi,1,40
2024/4/29,Shaanxi,1,-24
2024/4/30,Shaanxi,3,84
2024/5/1,Shaanxi,4,63
2024/5/2,Shaanxi,1,93
2024/5/3,Shaanxi,1,-29
2024/5/4,Shaanxi,4,-46
2024/5/5,Shaanxi,1,69
2024/5/6,Shaanxi,1,89
2024/5/7,Shaanxi,4,-30
2024/5/8,Shaanxi,1,63
2024/5/9,Shaanxi,2,13
2024/5/10,Shaanxi,4,-18
2024/5/11,Shaanxi,2,42
2024/5/12,Shaanxi,3,-16
2024/5/13,Shaanxi,2,-28
2024/5/14,Shaanxi,2,-6
2024/5/15,Shaanxi,1,-14
2024/5/16,Shaanxi,4,99
2024/5/17,Shaanxi,3,8
2024/5/18,Shaanxi,3,57
2024/5/19,Shaanxi,2,50
2024/5/20,Shaanxi,3,-11
2024/5/21,Shaanxi,4,-34
2024/5/22,Shaanxi,1,4
2024/5/23,Shaanxi,1,-8
2024/5/24,Shaanxi,2,72
2024/5/25,Shaanxi,3,89
2024/5/26,Shaanxi,3,57
2024/5/27,Shaanxi,2,0
2024/5/28,Shaanxi,2,-50
2024/5/29,Shaanxi,3,15
2024/5/30,Shaanxi,2,77
2024/5/31,Shaanxi,1,-38
2024/6/1,Shaanxi,4,-35
2024/6/2,Shaanxi,4,71
2024/6/3,Shaanxi,3,79
2024/6/4,Shaanxi,4,64
2024/6/5,Shaanxi,3,46
2024/6/6,Shaanxi,4,11
2024/6/7,Shaanxi,2,-29
2024/6/8,Shaanxi,2,26
2024/6/9,Shaanxi,3,-2
2024/6/10,Shaanxi,3,79
2024/6/11,Shaanxi,2,-2
2024/6/12,Shaanxi,4,-39
2024/6/13,Shaanxi,4,72
2024/6/14,Shaanxi,3,13
2024/6/15,Shaanxi,3,91
2024/6/16,Shaanxi,1,32
2024/6/17,Shaanxi,1,52
2024/6/18,Shaanxi,2,59
2024/6/19,Shaanxi,2,-44
2024/6/20,Shaanxi,4,69
2024/6/21,Shaanxi,3,3
2024/6/22,Shaanxi,3,74
2024/6/23,Shaanxi,4,-42
2024/6/24,Shaanxi,2,69
2024/6/25,Shaanxi,1,26
2024/6/26,Shaanxi,2,-3
2024/6/27,Shaanxi,1,20
2024/6/28,Shaanxi,3,32
2024/6/29,Shaanxi,1,66
2024/1/1,Yunnan,2,47
2024/1/2,Yunnan,3,-14
2024/1/3,Yunnan,1,47
2024/1/4,Yunnan,4,-44
2024/1/5,Yunnan,4,15
2024/1/6,Yunnan,2,54
2024/1/7,Yunnan,2,9
2024/1/8,Yunnan,4,-10
2024/1/9,Yunnan,2,82
2024/1/10,Yunnan,2,-7
2024/1/11,Yunnan,4,-33
2024/1/12,Yunnan,2,-21
2024/1/13,Yunnan,2,26
2024/1/14,Yunnan,2,56
2024/1/15,Yunnan,3,68
2024/1/16,Yunnan,3,-41
2024/1/17,Yunnan,4,36
2024/1/18,Yunnan,1,-21
2024/1/19,Yunnan,2,-28
2024/1/20,Yunnan,1,49
2024/1/21,Yunnan,4,37
2024/1/22,Yunnan,2,78
2024/1/23,Yunnan,4,-10
2024/1/24,Yunnan,2,-44
2024/1/25,Yunnan,2,64
2024/1/26,Yunnan,3,99
2024/1/27,Yunnan,3,-43
2024/1/28,Yunnan,2,57
2024/1/29,Yunnan,2,66
2024/1/30,Yunnan,1,-15
2024/1/31,Yunnan,4,32
2024/2/1,Yunnan,3,24
2024/2/2,Yunnan,3,60
2024/2/3,Yunnan,2,43
2024/2/4,Yunnan,2,52
2024/2/5,Yunnan,3,32
2024/2/6,Yunnan,3,0
2024/2/7,Yunnan,4,22
2024/2/8,Yunnan,3,57
2024/2/9,Yunnan,3,34
2024/2/10,Yunnan,3,56
2024/2/11,Yunnan,1,36
2024/2/12,Yunnan,2,27
2024/2/13,Yunnan,3,39
2024/2/14,Yunnan,1,63
2024/2/15,Yunnan,1,-44
2024/2/16,Yunnan,1,-46
2024/2/17,Yunnan,2,-21
2024/2/18,Yunnan,1,72
2024/2/19,Yunnan,1,88
2024/2/20,Yunnan,4,-31
2024/2/21,Yunnan,3,35
2024/2/22,Yunnan,3,72
2024/2/23,Yunnan,1,-26
2024/2/24,Yunnan,1,77
2024/2/25,Yunnan,1,57
2024/2/26,Yunnan,4,-21
2024/2/27,Yunnan,2,30
2024/2/28,Yunnan,2,95
2024/3/1,Yunnan,1,68
2024/3/2,Yunnan,2,74
2024/3/3,Yunnan,3,-26
2024/3/4,Yunnan,3,-25
2024/3/5,Yunnan,3,84
2024/3/6,Yunnan,3,95
2024/3/7,Yunnan,4,82
2024/3/8,Yunnan,2,1
2024/3/9,Yunnan,4,77
2024/3/10,Yunnan,3,62
2024/3/11,Yunnan,4,-32
2024/3/12,Yunnan,2,35
2024/3/13,Yunnan,4,-20
2024/3/14,Yunnan,2,-47
2024/3/15,Yunnan,3,21
2024/3/16,Yunnan,2,9
2024/3/17,Yunnan,1,14
2024/3/18,Yunnan,1,51
2024/3/19,Yunnan,4,-45
2024/3/20,Yunnan,3,36
2024/3/21,Yunnan,4,-23
2024/3/22,Yunnan,2,48
2024/3/23,Yunnan,1,52
2024/3/24,Yunnan,4,-24
2024/3/25,Yunnan,1,19
2024/3/26,Yunnan,2,-9
2024/3/27,Yunnan,1,5
2024/3/28,Yunnan,2,92
2024/3/29,Yunnan,3,55
2024/3/30,Yunnan,4,29
2024/3/31,Yunnan,4,25
2024/4/1,Yunnan,2,27
2024/4/2,Yunnan,3,49
2024/4/3,Yunnan,2,-47
2024/4/4,Yunnan,3,-24
2024/4/5,Yunnan,4,51
2024/4/6,Yunnan,2,48
2024/4/7,Yunnan,1,62
2024/4/8,Yunnan,3,-10
2024/4/9,Yunnan,1,52
2024/4/10,Yunnan,2,-3
2024/4/11,Yunnan,1,37
2024/4/12,Yunnan,2,-8
2024/4/13,Yunnan,2,-49
2024/4/14,Yunnan,4,54
2024/4/15,Yunnan,2,45
2024/4/16,Yunnan,1,-35
2024/4/17,Yunnan,4,24
2024/4/18,Yunnan,2,-29
2024/4/19,Yunnan,2,21
2024/4/20,Yunnan,3,-17
2024/4/21,Yunnan,2,34
2024/4/22,Yunnan,3,81
2024/4/23,Yunnan,1,72
2024/4/24,Yunnan,1,16
2024/4/25,Yunnan,2,67
2024/4/26,Yunnan,3,-13
2024/4/27,Yunnan,4,36
2024/4/28,Yunnan,1,85
2024/4/29,Yunnan,4,63
2024/4/30,Yunnan,4,57
2024/5/1,Yunnan,3,62
2024/5/2,Yunnan,3,5
2024/5/3,Yunnan,1,58
2024/5/4,Yunnan,1,49
2024/5/5,Yunnan,3,52
2024/5/6,Yunnan,4,25
2024/5/7,Yunnan,1,-35
2024/5/8,Yunnan,1,8
2024/5/9,Yunnan,3,15
2024/5/10,Yunnan,2,-43
2024/5/11,Yunnan,1,57
2024/5/12,Yunnan,4,-49
2024/5/13,Yunnan,2,86
2024/5/14,Yunnan,1,91
2024/5/15,Yunnan,4,-41
2024/5/16,Yunnan,4,-49
2024/5/17,Yunnan,2,92
2024/5/18,Yunnan,1,-25
2024/5/19,Yunnan,2,26
2024/5/20,Yunnan,4,-20
2024/5/21,Yunnan,2,48
2024/5/22,Yunnan,4,46
2024/5/23,Yunnan,1,-11
2024/5/24,Yunnan,1,-30
2024/5/25,Yunnan,4,84
2024/5/26,Yunnan,3,85
2024/5/27,Yunnan,1,73
2024/5/28,Yunnan,2,1
2024/5/29,Yunnan,2,-37
2024/5/30,Yunnan,1,76
2024/5/31,Yunnan,2,17
2024/6/1,Yunnan,1,-4
2024/6/2,Yunnan,3,33
2024/6/3,Yunnan,3,67
2024/6/4,Yunnan,3,36
2024/6/5,Yunnan,2,-35
2024/6/6,Yunnan,1,73
2024/6/7,Yunnan,3,29
2024/6/8,Yunnan,4,44
2024/6/9,Yunnan,2,56
2024/6/10,Yunnan,2,-40
2024/6/11,Yunnan,3,67
2024/6/12,Yunnan,2,91
2024/6/13,Yunnan,1,18
2024/6/14,Yunnan,1,80
2024/6/15,Yunnan,1,56
2024/6/16,Yunnan,4,-22
2024/6/17,Yunnan,3,35
2024/6/18,Yunnan,3,-29
2024/6/19,Yunnan,1,67
2024/6/20,Yunnan,4,-10
2024/6/21,Yunnan,2,12
2024/6/22,Yunnan,2,-4
2024/6/23,Yunnan,2,27
2024/6/24,Yunnan,4,-46
2024/6/25,Yunnan,2,53
2024/6/26,Yunnan,2,78
2024/6/27,Yunnan,1,34
2024/6/28,Yunnan,4,12
2024/6/29,Yunnan,1,31
