Supplier,Region,On-Time Deliveries (%),Total Shipments
Supplier C,Zhejiang,64,865
Supplier D,Chongqing,88,248
Supplier A,Jilin,94,845
Supplier A,Shenzhen,66,599
Supplier E,Shenzhen,61,818
Supplier A,Shanghai,71,161
Supplier D,Shenzhen,92,800
Supplier A,Chongqing,79,600
Supplier D,Jiangsu,92,964
Supplier A,Henan,77,458
Supplier E,Chongqing,87,540
Supplier C,Chongqing,68,789
Supplier E,Sichuan,74,419
Supplier B,Guangxi,88,969
Supplier D,Liaoning,97,479
Supplier B,Guangxi,93,680
Supplier E,Shanghai,93,819
Supplier B,Jilin,62,139
Supplier D,Zhejiang,79,243
Supplier C,Shaanxi,61,187
Supplier B,Shanghai,93,370
Supplier B,Hunan,67,491
Supplier D,Fujian,66,585
Supplier A,Zhejiang,96,666
Supplier C,Henan,82,140
Supplier E,Shaanxi,66,991
Supplier B,Anhui,88,281
Supplier B,Shaanxi,80,711
Supplier E,Beijing,82,687
Supplier E,Sichuan,62,359
Supplier C,Shanghai,90,456
Supplier A,Hubei,90,286
Supplier B,Fujian,76,289
Supplier D,Shanghai,79,391
Supplier B,Fujian,60,239
Supplier C,Henan,73,692
Supplier E,Zhejiang,81,880
Supplier B,Henan,68,897
Supplier B,Heilongjiang,94,219
Supplier E,Chongqing,69,116
Supplier C,Yunnan,60,987
Supplier B,Heilongjiang,72,382
Supplier B,Hubei,91,269
Supplier E,Heilongjiang,78,366
Supplier D,Sichuan,96,336
Supplier B,Shandong,85,862
Supplier B,Guangxi,94,218
Supplier E,Henan,97,613
Supplier E,Sichuan,78,803
Supplier C,Zhejiang,96,329
Supplier B,Shaanxi,77,825
Supplier D,Chongqing,83,312
Supplier E,Shaanxi,90,898
Supplier C,Henan,95,174
Supplier B,Henan,87,559
Supplier B,Henan,80,797
Supplier E,Shaanxi,81,483
Supplier E,Anhui,60,592
Supplier D,Shandong,75,648
Supplier C,Hunan,74,214
Supplier D,Shandong,76,252
Supplier A,Chongqing,83,288
Supplier D,Jilin,67,910
Supplier B,Yunnan,84,592
Supplier A,Heilongjiang,65,496
Supplier C,Henan,66,910
Supplier E,Jilin,61,900
Supplier B,Henan,79,854
Supplier B,Shanghai,70,252
Supplier C,Shaanxi,65,309
Supplier B,Shenzhen,99,245
Supplier E,Shanghai,68,609
Supplier B,Zhejiang,83,996
Supplier C,Shandong,85,537
Supplier C,Jilin,94,192
Supplier A,Hunan,79,970
Supplier E,Heilongjiang,89,516
Supplier C,Shaanxi,67,423
Supplier D,Shanghai,79,816
Supplier C,Jiangsu,89,517
Supplier A,Jiangsu,98,397
Supplier E,Sichuan,64,600
Supplier D,Liaoning,88,404
Supplier C,Anhui,80,379
Supplier D,Beijing,66,273
Supplier B,Yunnan,69,159
Supplier D,Jilin,65,255
Supplier B,Hunan,63,616
Supplier B,Chongqing,76,707
Supplier A,Yunnan,64,314
Supplier B,Shandong,77,330
Supplier D,Shaanxi,73,913
Supplier E,Shaanxi,83,770
Supplier A,Heilongjiang,67,788
Supplier A,Fujian,76,113
Supplier E,Henan,99,676
Supplier A,Liaoning,71,685
Supplier A,Anhui,72,586
Supplier E,Jiangsu,93,399
Supplier D,Shaanxi,92,607
Supplier E,Beijing,64,903
Supplier C,Shandong,69,735
Supplier C,Fujian,92,275
Supplier D,Hunan,69,203
Supplier A,Hubei,79,842
Supplier B,Zhejiang,67,492
Supplier E,Shanghai,77,364
Supplier A,Henan,70,116
Supplier C,Heilongjiang,78,852
Supplier E,Hunan,85,743
Supplier D,Jilin,87,698
Supplier B,Shenzhen,99,423
Supplier D,Shenzhen,69,746
Supplier E,Shanghai,84,382
Supplier C,Sichuan,73,217
Supplier A,Shanghai,73,456
Supplier B,Anhui,71,204
Supplier A,Guangxi,61,263
Supplier C,Shenzhen,94,983
Supplier C,Beijing,97,403
Supplier E,Hunan,87,456
Supplier C,Henan,75,349
Supplier C,Hunan,88,365
Supplier B,Shenzhen,69,169
Supplier C,Shanghai,62,621
Supplier E,Shandong,90,923
Supplier C,Shanghai,95,259
Supplier A,Henan,69,535
Supplier E,Chongqing,76,237
Supplier D,Liaoning,73,463
Supplier C,Yunnan,77,117
Supplier E,Guangxi,78,808
Supplier B,Hubei,78,596
Supplier C,Fujian,93,747
Supplier E,Guangdong,90,663
Supplier B,Shanghai,80,556
Supplier C,Hunan,88,218
Supplier E,Shenzhen,87,569
Supplier D,Shaanxi,75,185
Supplier B,Hunan,82,770
Supplier A,Shaanxi,87,991
Supplier C,Hubei,81,303
Supplier E,Jiangsu,78,747
Supplier C,Liaoning,76,772
Supplier C,Shandong,93,445
Supplier B,Hubei,83,643
Supplier D,Hubei,62,319
Supplier B,Jiangsu,78,563
Supplier B,Jilin,92,875
Supplier A,Zhejiang,91,215
Supplier B,Zhejiang,69,607
Supplier C,Henan,96,451
Supplier A,Henan,66,117
Supplier E,Zhejiang,81,530
Supplier E,Guangxi,94,275
Supplier C,Shanghai,86,552
Supplier D,Anhui,70,590
Supplier B,Jiangsu,85,313
Supplier E,Fujian,72,915
Supplier A,Chongqing,98,772
Supplier A,Liaoning,76,177
Supplier A,Yunnan,94,774
Supplier A,Chongqing,63,275
Supplier D,Henan,97,461
Supplier E,Jiangsu,76,888
Supplier E,Shaanxi,64,453
Supplier B,Henan,80,302
Supplier E,Heilongjiang,63,104
Supplier C,Chongqing,74,773
Supplier D,Anhui,75,273
Supplier E,Fujian,70,356
Supplier E,Sichuan,60,153
Supplier C,Zhejiang,94,777
Supplier E,Shanghai,98,355
Supplier B,Hubei,75,183
Supplier D,Anhui,66,354
Supplier E,Liaoning,86,607
Supplier C,Beijing,83,212
Supplier E,Shanghai,97,706
Supplier A,Henan,93,458
Supplier E,Shandong,78,520
Supplier A,Liaoning,73,741
Supplier A,Liaoning,76,691
Supplier C,Yunnan,96,144
Supplier B,Guangdong,89,937
Supplier A,Shenzhen,92,117
Supplier E,Henan,80,912
Supplier C,Fujian,70,990
Supplier D,Yunnan,64,867
Supplier C,Shenzhen,97,355
Supplier A,Shenzhen,74,242
Supplier A,Zhejiang,67,358
Supplier D,Liaoning,91,202
Supplier D,Guangdong,89,703
Supplier D,Hunan,77,375
Supplier B,Jilin,82,418
Supplier D,Henan,64,957
Supplier E,Heilongjiang,87,320
Supplier E,Shaanxi,67,542
Supplier C,Anhui,78,969
Supplier E,Shandong,75,844
Supplier E,Chongqing,84,416
Supplier E,Shenzhen,82,207
Supplier A,Fujian,73,192
Supplier C,Anhui,93,874
Supplier E,Hunan,76,228
Supplier B,Chongqing,83,577
Supplier C,Anhui,98,487
Supplier A,Yunnan,74,860
Supplier A,Shaanxi,72,876
Supplier D,Heilongjiang,87,741
Supplier A,Shenzhen,95,814
Supplier A,Hunan,70,451
Supplier E,Liaoning,80,937
Supplier D,Jilin,73,184
Supplier B,Beijing,72,373
Supplier D,Fujian,96,480
Supplier E,Anhui,82,688
Supplier A,Guangdong,87,165
Supplier C,Jiangsu,70,987
Supplier B,Fujian,88,297
Supplier D,Chongqing,70,359
Supplier B,Guangdong,95,256
Supplier C,Sichuan,81,638
Supplier E,Guangdong,88,512
Supplier C,Heilongjiang,79,975
Supplier A,Yunnan,94,128
Supplier B,Shandong,76,626
Supplier E,Shenzhen,65,382
Supplier B,Yunnan,69,647
Supplier D,Sichuan,90,604
Supplier D,Fujian,61,611
Supplier C,Shandong,93,229
Supplier C,Henan,75,890
Supplier D,Jilin,85,244
Supplier E,Shandong,76,978
Supplier B,Heilongjiang,68,132
Supplier E,Anhui,91,687
Supplier A,Beijing,74,581
Supplier C,Shenzhen,68,333
Supplier A,Zhejiang,73,448
Supplier C,Sichuan,78,373
Supplier A,Beijing,61,586
Supplier B,Yunnan,74,509
Supplier D,Hubei,94,494
Supplier E,Shenzhen,91,340
Supplier A,Liaoning,60,765
Supplier A,Henan,60,996
Supplier D,Sichuan,79,401
Supplier D,Guangxi,96,619
Supplier B,Yunnan,77,327
Supplier A,Henan,83,152
Supplier E,Heilongjiang,60,504
Supplier E,Jilin,95,616
Supplier D,Guangdong,90,927
Supplier D,Chongqing,96,109
Supplier A,Yunnan,91,393
Supplier E,Liaoning,65,648
Supplier B,Anhui,87,674
Supplier D,Shandong,73,615
Supplier B,Shandong,96,750
Supplier A,Hunan,84,196
Supplier C,Liaoning,69,377
Supplier A,Jilin,91,263
Supplier A,Shandong,95,670
Supplier C,Liaoning,63,134
Supplier A,Beijing,65,783
Supplier A,Shaanxi,68,768
Supplier D,Hunan,79,961
Supplier C,Hubei,91,749
Supplier D,Liaoning,70,248
Supplier A,Henan,61,948
Supplier A,Shaanxi,72,657
Supplier D,Sichuan,75,736
Supplier C,Shandong,95,864
Supplier A,Fujian,92,520
Supplier B,Sichuan,83,148
Supplier D,Yunnan,71,994
Supplier D,Shandong,92,424
Supplier C,Hubei,82,148
Supplier A,Jiangsu,94,477
Supplier D,Jilin,73,593
Supplier C,Shenzhen,66,617
Supplier C,Shandong,61,834
Supplier C,Shenzhen,85,274
Supplier D,Guangxi,82,451
Supplier A,Yunnan,85,601
Supplier D,Anhui,87,520
Supplier A,Anhui,75,780
Supplier B,Sichuan,85,913
Supplier A,Anhui,97,449
Supplier E,Guangdong,63,204
Supplier C,Liaoning,81,987
Supplier B,Henan,69,849
Supplier D,Shanghai,90,492
Supplier E,Shaanxi,87,430
Supplier C,Yunnan,89,358
Supplier E,Guangdong,98,849
Supplier B,Chongqing,85,969
Supplier E,Shaanxi,93,979
Supplier E,Sichuan,76,756
Supplier B,Jilin,86,237
Supplier E,Henan,82,145
Supplier A,Shanghai,80,257
Supplier B,Guangdong,99,796
Supplier E,Zhejiang,79,144
Supplier E,Heilongjiang,64,867
Supplier B,Anhui,97,577
Supplier A,Liaoning,69,897
Supplier B,Jilin,98,959
Supplier B,Chongqing,88,458
Supplier D,Beijing,95,269
Supplier E,Hunan,64,715
Supplier C,Hubei,88,844
Supplier A,Sichuan,97,319
Supplier E,Guangdong,71,345
Supplier A,Sichuan,78,947
Supplier D,Shaanxi,70,159
Supplier E,Zhejiang,65,100
Supplier A,Hubei,61,117
Supplier B,Henan,67,285
Supplier B,Shenzhen,75,610
Supplier D,Shenzhen,90,942
Supplier A,Guangxi,83,989
Supplier C,Beijing,88,427
Supplier E,Jilin,76,389
Supplier E,Jilin,82,387
Supplier C,Beijing,70,375
Supplier E,Hunan,77,436
Supplier A,Hubei,84,651
Supplier C,Guangxi,98,764
Supplier B,Guangxi,92,672
Supplier D,Hubei,65,460
Supplier B,Anhui,97,779
Supplier D,Sichuan,80,219
Supplier D,Chongqing,86,760
Supplier D,Hubei,97,423
Supplier D,Henan,91,918
Supplier D,Jiangsu,97,797
Supplier D,Guangxi,78,498
Supplier B,Guangxi,83,466
Supplier E,Beijing,82,800
Supplier B,Henan,65,715
Supplier D,Guangxi,71,269
Supplier A,Zhejiang,99,793
Supplier B,Guangxi,88,511
Supplier C,Jiangsu,79,910
Supplier E,Heilongjiang,68,430
Supplier A,Jiangsu,92,890
Supplier E,Yunnan,62,515
Supplier D,Beijing,63,466
Supplier B,Guangdong,73,212
Supplier B,Henan,66,457
Supplier C,Heilongjiang,71,169
Supplier B,Sichuan,62,545
Supplier B,Henan,77,750
Supplier C,Jilin,79,680
Supplier A,Hubei,73,323
Supplier E,Jilin,78,349
Supplier D,Zhejiang,99,924
Supplier A,Fujian,62,106
Supplier A,Jiangsu,93,657
Supplier E,Yunnan,61,297
Supplier A,Jilin,82,639
Supplier E,Fujian,93,986
Supplier A,Sichuan,61,399
Supplier A,Zhejiang,66,516
Supplier C,Chongqing,84,189
Supplier A,Guangdong,80,839
Supplier C,Hubei,65,136
Supplier E,Jilin,65,247
Supplier B,Anhui,97,951
Supplier E,Jilin,81,911
Supplier B,Jiangsu,79,312
Supplier C,Shanghai,66,372
Supplier E,Heilongjiang,63,699
Supplier C,Liaoning,67,335
Supplier B,Shenzhen,87,500
Supplier C,Liaoning,96,393
Supplier E,Heilongjiang,75,739
Supplier B,Shaanxi,90,978
Supplier B,Shandong,79,857
Supplier C,Shandong,99,137
Supplier E,Jiangsu,97,763
Supplier B,Zhejiang,64,100
Supplier A,Fujian,64,641
Supplier E,Shanghai,69,764
Supplier D,Hubei,85,778
Supplier C,Hunan,69,416
Supplier C,Shandong,70,609
Supplier E,Chongqing,68,145
Supplier C,Zhejiang,68,392
Supplier B,Heilongjiang,79,476
Supplier A,Beijing,64,271
Supplier B,Jiangsu,81,813
Supplier C,Liaoning,62,903
Supplier E,Fujian,69,385
Supplier A,Guangdong,76,288
Supplier B,Anhui,71,318
Supplier A,Heilongjiang,78,443
Supplier B,Henan,87,452
Supplier A,Yunnan,78,510
Supplier B,Sichuan,79,714
Supplier B,Chongqing,89,852
Supplier B,Sichuan,98,375
Supplier B,Beijing,64,495
Supplier B,Shaanxi,60,105
Supplier E,Shanghai,97,361
Supplier D,Jilin,61,429
Supplier C,Shenzhen,60,837
Supplier B,Liaoning,77,227
Supplier B,Chongqing,74,204
Supplier C,Jiangsu,62,503
Supplier B,Shandong,84,123
Supplier E,Heilongjiang,83,972
Supplier D,Heilongjiang,66,590
Supplier D,Chongqing,71,926
Supplier A,Beijing,90,259
Supplier B,Hubei,61,778
Supplier B,Shanghai,72,480
Supplier B,Shanghai,84,897
Supplier B,Liaoning,76,208
Supplier A,Sichuan,79,687
Supplier E,Shanghai,80,614
Supplier A,Henan,92,557
Supplier D,Hunan,61,651
Supplier E,Guangdong,75,936
Supplier A,Jiangsu,99,583
Supplier A,Fujian,86,392
Supplier E,Liaoning,90,349
Supplier A,Liaoning,90,890
Supplier B,Fujian,65,977
Supplier D,Jiangsu,61,606
Supplier D,Sichuan,70,787
Supplier B,Yunnan,70,843
Supplier D,Shenzhen,70,228
Supplier E,Anhui,64,469
Supplier D,Shaanxi,66,479
Supplier B,Hunan,86,995
Supplier C,Sichuan,81,156
Supplier E,Hunan,75,803
Supplier C,Shandong,62,540
Supplier B,Hubei,70,705
Supplier A,Shaanxi,60,678
Supplier B,Sichuan,98,693
Supplier D,Jilin,77,809
Supplier A,Shaanxi,98,929
Supplier E,Shanghai,96,729
Supplier B,Hunan,75,182
Supplier C,Jiangsu,98,207
Supplier D,Shanghai,94,334
Supplier A,Shaanxi,80,213
Supplier A,Heilongjiang,74,986
Supplier E,Heilongjiang,92,337
Supplier A,Sichuan,82,113
Supplier A,Hunan,82,549
Supplier B,Heilongjiang,85,280
Supplier E,Henan,82,379
Supplier E,Henan,71,577
Supplier B,Jilin,83,449
Supplier D,Henan,78,749
Supplier C,Chongqing,68,526
Supplier E,Guangxi,60,462
Supplier E,Chongqing,98,520
Supplier D,Liaoning,61,647
Supplier E,Hubei,71,765
Supplier D,Henan,84,444
Supplier B,Beijing,87,436
Supplier A,Anhui,94,686
Supplier C,Guangxi,63,521
Supplier E,Shandong,64,436
Supplier A,Yunnan,74,342
Supplier E,Shandong,87,561
Supplier B,Shandong,96,735
Supplier D,Fujian,68,492
Supplier C,Guangdong,73,333
Supplier E,Beijing,60,289
Supplier A,Shanghai,82,205
Supplier E,Hunan,90,200
Supplier C,Henan,76,838
Supplier E,Jilin,94,938
Supplier D,Beijing,93,729
Supplier B,Jiangsu,95,918
Supplier E,Anhui,90,758
Supplier A,Zhejiang,69,954
Supplier B,Shanghai,80,539
Supplier A,Anhui,75,761
Supplier E,Jiangsu,66,281
Supplier C,Heilongjiang,60,529
Supplier A,Beijing,97,679
Supplier E,Hubei,61,481
Supplier E,Anhui,91,368
Supplier D,Beijing,75,785
Supplier E,Shandong,65,219
Supplier E,Beijing,78,251
Supplier B,Henan,78,760
Supplier E,Chongqing,73,485
Supplier A,Jiangsu,95,900
Supplier D,Hunan,82,992
Supplier A,Shandong,68,573
Supplier A,Liaoning,93,164
Supplier E,Guangdong,86,347
Supplier B,Fujian,64,913
Supplier E,Henan,71,889
Supplier B,Sichuan,99,719
Supplier D,Chongqing,89,408
Supplier B,Shenzhen,80,249
Supplier E,Guangdong,97,662
Supplier E,Shaanxi,67,110
Supplier C,Heilongjiang,83,990
Supplier B,Shaanxi,88,841
Supplier B,Shaanxi,77,438
Supplier E,Shaanxi,64,668
Supplier A,Jiangsu,97,138
Supplier A,Hubei,86,312
Supplier D,Hubei,62,830
Supplier C,Guangxi,62,440
Supplier C,Zhejiang,79,739
Supplier E,Guangdong,77,974
Supplier D,Zhejiang,97,728
Supplier A,Shanghai,86,495
Supplier A,Sichuan,82,801
Supplier D,Hubei,73,205
Supplier D,Sichuan,98,959
Supplier B,Chongqing,85,268
Supplier C,Shenzhen,78,829
Supplier E,Anhui,70,437
Supplier D,Shaanxi,60,609
Supplier B,Hubei,64,825
Supplier B,Shanghai,81,615
Supplier E,Hubei,73,335
Supplier B,Jilin,96,909
Supplier C,Guangxi,64,274
Supplier E,Guangdong,60,653
Supplier E,Shanghai,78,728
Supplier C,Hubei,83,484
Supplier C,Liaoning,72,989
Supplier D,Jilin,85,628
Supplier E,Anhui,93,173
Supplier A,Heilongjiang,89,374
Supplier D,Heilongjiang,94,139
Supplier C,Fujian,76,418
Supplier B,Fujian,66,427
Supplier E,Shanghai,71,965
Supplier C,Guangxi,91,691
Supplier B,Hubei,84,850
Supplier D,Zhejiang,78,752
Supplier C,Heilongjiang,90,459
Supplier E,Jilin,92,168
Supplier E,Heilongjiang,65,777
Supplier B,Chongqing,67,813
Supplier E,Chongqing,65,901
Supplier B,Shanghai,96,182
Supplier C,Guangdong,76,634
Supplier B,Shaanxi,77,482
Supplier A,Yunnan,63,697
Supplier D,Sichuan,90,255
Supplier A,Guangdong,73,328
Supplier A,Henan,97,379
Supplier D,Shaanxi,82,501
Supplier B,Yunnan,73,826
Supplier D,Jilin,70,700
Supplier B,Chongqing,82,508
Supplier D,Sichuan,74,370
Supplier E,Liaoning,99,306
Supplier E,Shenzhen,68,293
Supplier C,Zhejiang,63,727
Supplier E,Sichuan,70,369
Supplier B,Jiangsu,65,747
Supplier B,Zhejiang,83,380
Supplier B,Heilongjiang,85,553
Supplier D,Fujian,97,288
Supplier B,Heilongjiang,70,191
Supplier C,Zhejiang,86,968
Supplier B,Heilongjiang,61,363
Supplier D,Henan,76,443
Supplier A,Beijing,63,219
Supplier B,Jilin,82,140
Supplier E,Yunnan,89,305
Supplier B,Chongqing,87,321
Supplier B,Sichuan,78,733
Supplier A,Heilongjiang,85,577
Supplier D,Sichuan,63,745
Supplier D,Zhejiang,80,652
Supplier C,Guangxi,90,980
Supplier E,Guangxi,90,133
Supplier E,Fujian,99,343
Supplier A,Hubei,97,823
Supplier C,Sichuan,71,698
Supplier D,Hubei,92,187
Supplier E,Guangdong,97,496
Supplier E,Beijing,72,305
Supplier C,Guangxi,88,674
Supplier A,Shenzhen,83,563
Supplier E,Anhui,90,880
Supplier B,Hunan,84,720
Supplier C,Shandong,62,795
Supplier C,Henan,69,506
Supplier D,Liaoning,88,212
Supplier D,Shaanxi,92,179
Supplier C,Henan,90,578
Supplier E,Shanghai,73,474
Supplier E,Sichuan,80,995
Supplier C,Hubei,64,372
Supplier D,Heilongjiang,83,993
Supplier C,Shaanxi,62,655
Supplier A,Chongqing,61,131
Supplier B,Sichuan,72,912
Supplier B,Liaoning,87,973
Supplier A,Fujian,65,437
Supplier D,Guangxi,89,714
Supplier C,Shandong,98,294
Supplier E,Shandong,89,817
Supplier B,Shanghai,75,823
Supplier D,Jiangsu,77,167
Supplier C,Heilongjiang,71,119
Supplier D,Zhejiang,93,176
Supplier A,Chongqing,97,639
Supplier C,Zhejiang,72,199
Supplier C,Zhejiang,64,294
Supplier B,Heilongjiang,66,343
Supplier A,Hunan,86,175
Supplier A,Hunan,64,901
Supplier C,Shanghai,72,146
Supplier E,Shenzhen,94,282
Supplier E,Shaanxi,86,697
Supplier A,Yunnan,90,815
Supplier E,Guangxi,99,928
Supplier E,Heilongjiang,96,649
Supplier D,Shanghai,72,637
Supplier C,Shenzhen,75,460
Supplier C,Chongqing,77,473
Supplier C,Shaanxi,73,109
Supplier C,Zhejiang,96,858
Supplier D,Shandong,82,595
Supplier A,Yunnan,62,620
Supplier E,Jiangsu,94,624
Supplier D,Jiangsu,86,818
Supplier C,Shenzhen,99,513
Supplier B,Shaanxi,73,147
Supplier E,Hubei,92,563
Supplier C,Zhejiang,86,464
Supplier D,Yunnan,93,207
Supplier B,Fujian,79,500
Supplier E,Shenzhen,74,367
Supplier D,Zhejiang,76,739
Supplier B,Guangxi,83,691
Supplier A,Beijing,90,300
Supplier B,Hunan,74,567
Supplier D,Guangdong,99,869
Supplier E,Shanghai,64,687
Supplier D,Guangxi,60,105
Supplier D,Shaanxi,86,717
Supplier A,Guangdong,64,985
Supplier B,Anhui,88,530
Supplier B,Anhui,79,251
Supplier E,Jiangsu,79,679
Supplier C,Henan,85,317
Supplier D,Jiangsu,90,444
Supplier A,Zhejiang,86,847
Supplier C,Jilin,67,445
Supplier D,Guangdong,70,529
Supplier E,Liaoning,82,601
Supplier B,Chongqing,68,619
Supplier E,Zhejiang,83,971
Supplier A,Hubei,68,370
Supplier E,Sichuan,73,872
Supplier C,Guangdong,94,969
Supplier E,Guangxi,64,565
Supplier D,Hunan,73,423
Supplier D,Hubei,79,139
Supplier B,Shanghai,96,628
Supplier B,Fujian,92,387
Supplier D,Yunnan,70,641
Supplier B,Guangdong,85,751
Supplier D,Hubei,74,295
Supplier D,Sichuan,78,510
Supplier E,Chongqing,84,893
Supplier A,Shandong,94,897
Supplier C,Hunan,83,271
Supplier A,Sichuan,91,754
Supplier A,Fujian,74,870
Supplier E,Guangdong,74,698
Supplier B,Beijing,77,458
Supplier C,Hubei,70,199
Supplier A,Shanghai,65,903
Supplier D,Jiangsu,83,972
Supplier D,Sichuan,71,902
Supplier E,Shenzhen,65,832
Supplier B,Jiangsu,72,929
Supplier A,Jiangsu,91,481
Supplier D,Zhejiang,82,246
Supplier D,Liaoning,92,601
Supplier C,Shandong,76,761
Supplier C,Hunan,61,297
Supplier E,Jiangsu,92,794
Supplier E,Zhejiang,85,218
Supplier B,Henan,85,163
Supplier D,Hunan,95,840
Supplier A,Beijing,80,312
Supplier B,Guangdong,82,203
Supplier C,Shanghai,61,371
Supplier C,Chongqing,87,493
Supplier A,Shanghai,67,755
Supplier A,Yunnan,74,828
Supplier B,Shandong,88,831
Supplier B,Beijing,64,964
Supplier C,Anhui,87,984
Supplier D,Shandong,88,375
Supplier E,Hubei,79,395
Supplier A,Hunan,64,566
Supplier A,Shandong,61,664
Supplier E,Liaoning,68,783
Supplier A,Shenzhen,86,527
Supplier D,Hunan,70,264
Supplier B,Shenzhen,74,169
Supplier B,Henan,68,517
Supplier D,Beijing,71,385
Supplier B,Guangdong,93,163
Supplier E,Hunan,93,600
Supplier E,Guangxi,89,740
Supplier E,Jiangsu,64,721
Supplier C,Guangdong,74,925
Supplier B,Fujian,98,852
Supplier D,Jilin,93,316
Supplier A,Yunnan,91,568
Supplier B,Shaanxi,82,686
Supplier A,Hunan,74,690
Supplier A,Shaanxi,67,855
Supplier B,Hubei,61,925
Supplier A,Guangxi,61,523
Supplier A,Guangdong,95,988
Supplier D,Shenzhen,73,829
Supplier C,Liaoning,67,799
Supplier D,Sichuan,74,228
Supplier A,Jilin,76,625
Supplier C,Jilin,75,670
Supplier D,Shanghai,84,929
Supplier B,Beijing,81,703
Supplier D,Liaoning,94,311
Supplier A,Shandong,62,734
Supplier A,Shandong,71,141
Supplier B,Guangxi,82,827
Supplier C,Heilongjiang,94,276
Supplier E,Shenzhen,81,970
Supplier D,Guangdong,87,761
Supplier E,Zhejiang,95,648
Supplier E,Shandong,72,769
Supplier A,Shenzhen,74,689
Supplier C,Beijing,63,655
Supplier D,Shenzhen,80,860
Supplier A,Shaanxi,93,123
Supplier A,Anhui,72,549
Supplier D,Henan,69,146
Supplier B,Anhui,62,137
Supplier D,Guangxi,72,805
Supplier B,Heilongjiang,61,186
Supplier E,Sichuan,87,496
Supplier E,Liaoning,93,783
Supplier E,Hubei,95,758
Supplier C,Anhui,82,306
Supplier E,Shaanxi,82,206
Supplier E,Jiangsu,98,410
Supplier C,Hubei,74,467
Supplier E,Hubei,68,919
Supplier E,Chongqing,60,323
Supplier B,Anhui,69,307
Supplier E,Liaoning,96,307
Supplier E,Shaanxi,66,467
Supplier D,Liaoning,84,407
Supplier D,Shanghai,85,192
Supplier D,Hubei,74,473
Supplier E,Henan,77,952
Supplier B,Chongqing,88,486
Supplier B,Jilin,67,820
Supplier C,Shanghai,88,945
Supplier D,Shenzhen,77,965
Supplier E,Fujian,67,164
Supplier E,Jiangsu,88,104
Supplier C,Guangdong,65,560
Supplier B,Shenzhen,83,503
Supplier E,Hubei,91,869
Supplier C,Henan,61,578
Supplier D,Zhejiang,70,776
Supplier B,Guangxi,74,318
Supplier C,Fujian,85,838
Supplier C,Jiangsu,97,904
Supplier A,Guangdong,82,669
Supplier C,Jilin,60,119
Supplier B,Guangxi,74,891
Supplier E,Yunnan,69,362
Supplier A,Zhejiang,96,957
Supplier D,Hubei,94,778
Supplier D,Anhui,62,455
Supplier B,Chongqing,75,245
Supplier B,Liaoning,68,185
Supplier E,Shanghai,84,489
Supplier E,Fujian,84,629
Supplier E,Guangxi,81,462
Supplier C,Jiangsu,96,441
Supplier D,Chongqing,61,991
Supplier C,Shanghai,76,492
Supplier B,Shanghai,93,148
Supplier E,Sichuan,75,317
Supplier B,Henan,72,968
Supplier B,Sichuan,73,899
Supplier C,Liaoning,67,305
Supplier E,Beijing,79,847
Supplier D,Chongqing,79,794
Supplier D,Yunnan,81,695
Supplier C,Hunan,95,206
Supplier A,Chongqing,88,237
Supplier D,Jilin,75,742
Supplier E,Sichuan,98,733
Supplier E,Hubei,88,553
Supplier B,Chongqing,89,672
Supplier A,Sichuan,71,488
Supplier C,Anhui,62,920
Supplier C,Yunnan,81,507
Supplier C,Beijing,88,507
Supplier B,Hubei,68,240
Supplier A,Guangxi,93,397
Supplier A,Shanghai,98,761
Supplier A,Shenzhen,77,773
Supplier A,Shandong,79,699
Supplier E,Shanghai,84,846
Supplier D,Shenzhen,78,187
Supplier D,Hunan,75,750
Supplier D,Guangdong,73,437
Supplier B,Beijing,62,971
Supplier D,Chongqing,89,967
Supplier B,Liaoning,97,309
Supplier B,Hubei,62,750
Supplier B,Zhejiang,69,151
Supplier D,Liaoning,76,952
Supplier C,Beijing,71,616
Supplier B,Jilin,79,236
Supplier A,Guangxi,89,101
Supplier B,Sichuan,61,895
Supplier A,Jiangsu,82,687
Supplier B,Zhejiang,68,921
Supplier C,Liaoning,95,182
Supplier B,Hunan,68,984
Supplier A,Heilongjiang,80,740
Supplier D,Shaanxi,77,213
Supplier E,Fujian,93,162
Supplier D,Jilin,91,741
Supplier B,Beijing,67,169
Supplier B,Shenzhen,61,976
Supplier D,Jilin,95,205
Supplier D,Shanghai,90,594
Supplier E,Hubei,85,217
Supplier A,Shenzhen,78,949
Supplier B,Guangdong,67,584
Supplier E,Shaanxi,90,739
Supplier C,Henan,90,880
Supplier B,Liaoning,84,764
Supplier D,Chongqing,84,672
Supplier C,Zhejiang,67,491
Supplier B,Jilin,64,605
Supplier C,Sichuan,95,241
Supplier D,Liaoning,86,834
Supplier A,Beijing,75,520
Supplier A,Guangxi,85,293
Supplier A,Jiangsu,78,116
Supplier D,Shandong,84,326
Supplier C,Zhejiang,97,746
Supplier C,Zhejiang,96,403
Supplier D,Hubei,88,673
Supplier E,Shandong,82,291
Supplier A,Shenzhen,84,943
Supplier D,Hunan,82,987
Supplier B,Shanghai,98,458
Supplier D,Shanghai,79,355
Supplier D,Shaanxi,72,263
Supplier C,Henan,94,658
Supplier B,Shaanxi,87,305
Supplier E,Yunnan,65,814
Supplier C,Shaanxi,70,755
Supplier D,Fujian,81,632
Supplier B,Guangdong,96,781
Supplier A,Shandong,84,899
Supplier B,Sichuan,87,685
Supplier D,Beijing,92,400
Supplier E,Sichuan,99,696
Supplier E,Yunnan,76,318
Supplier A,Chongqing,78,654
Supplier D,Zhejiang,70,432
Supplier B,Guangxi,95,916
Supplier B,Liaoning,70,714
Supplier A,Fujian,60,951
Supplier A,Guangxi,96,513
Supplier A,Yunnan,88,104
Supplier C,Fujian,73,560
Supplier A,Guangdong,94,957
Supplier A,Zhejiang,66,214
Supplier D,Chongqing,76,760
Supplier A,Shenzhen,76,433
Supplier A,Jiangsu,78,254
Supplier E,Heilongjiang,83,255
Supplier B,Zhejiang,73,310
Supplier E,Hunan,65,649
Supplier D,Zhejiang,87,818
Supplier C,Jilin,83,539
Supplier B,Shaanxi,67,487
Supplier C,Shaanxi,65,776
Supplier E,Hunan,78,245
Supplier B,Heilongjiang,98,231
Supplier E,Zhejiang,97,507
Supplier E,Chongqing,88,315
Supplier C,Shandong,99,336
Supplier C,Anhui,65,132
Supplier D,Hubei,83,912
Supplier E,Heilongjiang,65,949
Supplier D,Heilongjiang,98,252
Supplier C,Jilin,88,437
Supplier C,Shandong,94,692
Supplier A,Zhejiang,63,214
Supplier B,Hubei,95,768
Supplier B,Shanghai,89,182
Supplier E,Henan,70,861
Supplier C,Jiangsu,83,823
Supplier C,Guangxi,98,658
Supplier D,Liaoning,63,290
Supplier B,Shaanxi,98,892
Supplier E,Liaoning,91,888
Supplier B,Sichuan,82,962
Supplier B,Shandong,86,796
Supplier C,Hubei,88,955
Supplier D,Shenzhen,93,529
Supplier D,Shaanxi,78,595
Supplier B,Jiangsu,69,516
Supplier E,Heilongjiang,75,258
Supplier B,Shanghai,64,239
Supplier E,Liaoning,71,218
Supplier C,Anhui,91,576
Supplier A,Hubei,80,513
Supplier D,Guangdong,73,605
Supplier A,Shaanxi,74,693
Supplier E,Guangxi,68,639
Supplier C,Zhejiang,91,375
Supplier E,Hunan,70,321
Supplier B,Shaanxi,64,582
Supplier E,Sichuan,80,219
Supplier A,Chongqing,88,485
Supplier D,Shenzhen,66,492
Supplier A,Liaoning,97,472
Supplier E,Hunan,85,565
Supplier A,Hubei,89,182
Supplier B,Jiangsu,71,115
Supplier A,Henan,98,943
Supplier D,Hubei,76,334
Supplier B,Shenzhen,68,578
Supplier B,Jiangsu,88,412
Supplier C,Yunnan,77,701
Supplier B,Guangdong,73,422
Supplier A,Hubei,73,309
Supplier E,Sichuan,77,346
Supplier B,Sichuan,70,299
Supplier D,Anhui,71,158
Supplier E,Jilin,64,376
Supplier C,Guangxi,92,933
Supplier C,Jilin,71,182
Supplier B,Shenzhen,73,455
Supplier A,Guangdong,96,631
Supplier D,Zhejiang,86,320
Supplier B,Guangxi,67,527
Supplier D,Chongqing,63,180
Supplier A,Liaoning,80,700
Supplier D,Guangxi,92,201
Supplier D,Yunnan,74,136
Supplier A,Zhejiang,72,238
Supplier D,Anhui,79,659
Supplier B,Jiangsu,64,894
Supplier C,Hubei,84,434
Supplier A,Jiangsu,62,845
Supplier A,Yunnan,99,324
Supplier A,Guangxi,86,753
Supplier B,Heilongjiang,68,571
Supplier A,Hubei,93,958
Supplier E,Sichuan,94,361
Supplier B,Zhejiang,87,609
Supplier B,Shenzhen,68,918
Supplier B,Shandong,63,629
Supplier B,Yunnan,88,566
Supplier D,Henan,64,620
Supplier C,Guangdong,87,855
Supplier E,Shenzhen,94,426
Supplier C,Shenzhen,92,274
Supplier A,Heilongjiang,68,328
Supplier D,Jilin,68,205
Supplier B,Guangxi,78,713
Supplier C,Heilongjiang,66,356
Supplier E,Beijing,66,707
Supplier B,Fujian,86,508
Supplier E,Guangdong,85,126
Supplier D,Jiangsu,85,961
Supplier B,Shanghai,73,775
Supplier E,Beijing,95,435
Supplier E,Henan,85,217
Supplier C,Fujian,99,975
Supplier D,Henan,82,797
Supplier B,Zhejiang,79,266
Supplier D,Zhejiang,71,141
Supplier A,Fujian,79,596
Supplier A,Hubei,60,715
Supplier B,Shanghai,97,732
Supplier D,Fujian,74,958
Supplier A,Chongqing,75,389
Supplier D,Sichuan,80,889
Supplier A,Shenzhen,93,161
Supplier B,Chongqing,80,894
Supplier A,Hubei,94,721
Supplier C,Shenzhen,63,851
Supplier D,Sichuan,80,144
Supplier E,Shenzhen,92,269
Supplier C,Chongqing,96,724
Supplier E,Fujian,83,663
Supplier C,Shaanxi,65,932
Supplier E,Jilin,80,762
Supplier D,Henan,91,647
Supplier C,Anhui,92,136
Supplier D,Sichuan,78,531
Supplier A,Shenzhen,92,614
Supplier C,Guangdong,83,873
Supplier A,Jilin,99,687
Supplier B,Hubei,71,585
Supplier D,Guangdong,76,277
Supplier B,Anhui,89,529
Supplier A,Anhui,66,253
Supplier B,Guangxi,76,397
Supplier D,Liaoning,88,274
Supplier A,Zhejiang,69,152
Supplier D,Fujian,91,439
Supplier D,Shaanxi,72,994
Supplier A,Heilongjiang,80,246
Supplier A,Shanghai,67,231
Supplier C,Guangxi,96,763
Supplier B,Jiangsu,64,345
Supplier E,Shaanxi,67,476
Supplier B,Heilongjiang,83,567
Supplier E,Jiangsu,82,444
Supplier D,Fujian,82,184
Supplier B,Shaanxi,87,711
Supplier E,Beijing,77,249
Supplier C,Hubei,76,684
Supplier B,Jilin,81,480
Supplier D,Beijing,85,630
Supplier B,Shandong,97,211
Supplier C,Jiangsu,72,179
Supplier A,Jiangsu,79,682
Supplier D,Hunan,62,167
Supplier D,Sichuan,60,614
Supplier E,Fujian,78,225
Supplier E,Guangdong,78,495
Supplier C,Fujian,67,903
Supplier E,Jilin,69,881
Supplier A,Yunnan,67,340
Supplier E,Heilongjiang,87,511
Supplier E,Guangxi,69,708
Supplier E,Jiangsu,76,633
Supplier E,Hunan,78,354
Supplier A,Shandong,87,505
Supplier A,Heilongjiang,82,944
Supplier C,Anhui,73,873
Supplier C,Shenzhen,92,585
Supplier A,Guangdong,86,861
Supplier B,Shanghai,95,964
Supplier D,Anhui,96,547
Supplier B,Jiangsu,62,863
Supplier D,Jilin,72,724
Supplier D,Fujian,95,581
Supplier B,Zhejiang,60,921
Supplier A,Yunnan,77,473
Supplier C,Zhejiang,99,350
Supplier B,Heilongjiang,87,566
Supplier A,Sichuan,92,103
Supplier D,Shanghai,97,100
Supplier B,Hubei,70,751
Supplier E,Guangdong,85,639
Supplier C,Guangxi,96,977
Supplier D,Anhui,72,882
Supplier A,Chongqing,76,139
Supplier E,Fujian,92,111
Supplier D,Anhui,89,277
Supplier C,Jilin,73,211
Supplier B,Anhui,83,293
Supplier B,Shandong,92,868
Supplier C,Shanghai,95,207
Supplier E,Heilongjiang,62,600
Supplier A,Hubei,63,476
Supplier E,Chongqing,74,642
Supplier C,Shandong,68,674
Supplier A,Hunan,96,103
Supplier A,Jilin,76,270
Supplier E,Hubei,82,742
Supplier B,Zhejiang,97,260
Supplier D,Shandong,82,488
Supplier D,Shanghai,77,369
Supplier C,Hubei,87,452
Supplier C,Shandong,96,712
Supplier B,Shanghai,61,785
Supplier E,Jiangsu,72,473
Supplier B,Fujian,72,872
Supplier E,Hubei,60,592
Supplier E,Heilongjiang,87,677
Supplier C,Yunnan,93,362
Supplier B,Shanghai,87,354
Supplier D,Liaoning,79,970
Supplier C,Anhui,95,119
Supplier C,Zhejiang,69,316
Supplier A,Chongqing,73,768
Supplier A,Anhui,88,527
Supplier A,Hubei,70,432
Supplier D,Sichuan,99,190
Supplier E,Jiangsu,67,731
Supplier C,Jilin,84,178
Supplier E,Heilongjiang,87,111
Supplier D,Sichuan,61,753
Supplier A,Anhui,98,888
Supplier A,Anhui,70,359
Supplier A,Shandong,78,212
Supplier C,Liaoning,88,433
Supplier B,Heilongjiang,70,169
Supplier B,Shanghai,86,588
Supplier D,Jiangsu,85,164
Supplier C,Sichuan,69,132
Supplier A,Henan,72,714
Supplier B,Shenzhen,95,838
Supplier E,Henan,70,461
Supplier A,Hunan,67,873
Supplier A,Shaanxi,72,336
Supplier B,Hubei,79,353
Supplier C,Henan,75,263
Supplier C,Yunnan,94,508
Supplier D,Zhejiang,67,960
Supplier A,Henan,61,668
Supplier A,Fujian,80,306
Supplier D,Hubei,76,524
Supplier C,Beijing,86,631
Supplier C,Sichuan,68,737
Supplier A,Heilongjiang,99,709
Supplier B,Beijing,71,336
Supplier C,Jiangsu,69,231
Supplier E,Shaanxi,93,514
Supplier E,Henan,99,179
Supplier E,Guangdong,87,170
Supplier D,Shaanxi,70,752
Supplier D,Shandong,74,809
Supplier E,Chongqing,68,449
Supplier B,Heilongjiang,65,845
Supplier D,Hubei,84,376
Supplier E,Sichuan,79,679
Supplier A,Shenzhen,72,318
Supplier B,Hunan,89,260
Supplier E,Shanghai,81,902
Supplier C,Anhui,74,424
Supplier A,Sichuan,63,461
Supplier D,Shanghai,96,364
Supplier C,Fujian,84,293
Supplier B,Henan,78,854
Supplier D,Shaanxi,74,713
Supplier E,Shandong,76,888
Supplier C,Fujian,98,188
Supplier A,Shanghai,73,297
Supplier D,Jiangsu,60,475
Supplier B,Guangdong,86,809
Supplier A,Liaoning,83,307
Supplier D,Chongqing,89,361
Supplier A,Hubei,63,143
Supplier B,Guangdong,67,424
Supplier A,Liaoning,88,965
Supplier B,Guangdong,84,700
Supplier E,Anhui,64,602
Supplier A,Guangdong,79,220
Supplier A,Guangxi,80,842
Supplier D,Zhejiang,79,726
Supplier B,Heilongjiang,79,688
Supplier D,Shanghai,75,833
Supplier B,Heilongjiang,78,358
Supplier B,Heilongjiang,86,998
Supplier D,Shenzhen,74,837
Supplier B,Liaoning,91,848
Supplier A,Liaoning,83,758
Supplier B,Shanghai,71,847
Supplier B,Liaoning,76,861
Supplier E,Jiangsu,89,724
Supplier E,Jilin,80,481
Supplier A,Yunnan,78,448
Supplier B,Shanghai,76,151
Supplier A,Jilin,71,123
Supplier D,Chongqing,82,498
Supplier D,Guangdong,91,906
Supplier C,Shandong,84,796
Supplier C,Chongqing,98,836
Supplier C,Anhui,92,958
Supplier A,Sichuan,61,431
Supplier C,Jilin,85,439
Supplier B,Jiangsu,85,796
Supplier D,Liaoning,66,112
Supplier D,Chongqing,94,406
Supplier C,Henan,63,123
Supplier B,Shanghai,97,295
Supplier D,Shandong,97,643
Supplier D,Hunan,81,878
Supplier A,Jilin,63,707
Supplier E,Henan,90,206
Supplier D,Heilongjiang,96,198
Supplier A,Hunan,82,981
Supplier B,Chongqing,72,874
Supplier E,Yunnan,66,337
Supplier C,Guangxi,94,562
Supplier D,Zhejiang,64,898
Supplier C,Guangdong,84,762
Supplier B,Anhui,64,965
Supplier E,Hunan,85,925
Supplier D,Shandong,77,966
Supplier C,Heilongjiang,87,747
Supplier A,Fujian,62,451
Supplier B,Hunan,66,269
Supplier D,Chongqing,85,275
Supplier D,Beijing,96,162
Supplier B,Guangxi,85,632
Supplier D,Chongqing,63,793
Supplier D,Sichuan,91,122
Supplier D,Jilin,90,864
Supplier A,Shenzhen,94,804
Supplier C,Henan,82,663
Supplier E,Sichuan,92,296
Supplier A,Liaoning,67,248
Supplier D,Guangxi,83,713
Supplier C,Sichuan,99,266
Supplier D,Jiangsu,76,723
Supplier D,Fujian,94,145
Supplier A,Beijing,79,883
Supplier D,Sichuan,85,833
Supplier B,Beijing,81,177
Supplier C,Anhui,98,506
Supplier B,Beijing,91,919
Supplier C,Shanghai,74,608
Supplier C,Yunnan,70,648
Supplier D,Hubei,69,377
Supplier E,Hubei,69,710
Supplier E,Fujian,78,527
Supplier B,Shanghai,67,361
Supplier E,Henan,72,496
Supplier B,Guangxi,97,341
Supplier E,Yunnan,67,619
Supplier B,Heilongjiang,91,616
Supplier C,Heilongjiang,98,196
Supplier E,Zhejiang,66,311
Supplier B,Jiangsu,98,402
Supplier D,Hunan,70,255
Supplier A,Shaanxi,61,692
Supplier B,Anhui,69,878
Supplier E,Fujian,95,642
Supplier C,Shandong,75,164
Supplier E,Shaanxi,81,412
Supplier D,Shenzhen,81,192
Supplier A,Sichuan,84,488
Supplier A,Zhejiang,61,458
Supplier E,Beijing,98,781
Supplier B,Shandong,70,347
Supplier A,Guangdong,96,327
Supplier C,Liaoning,89,626
Supplier B,Guangxi,65,559
Supplier D,Zhejiang,93,199
Supplier A,Shanghai,84,602
Supplier C,Shaanxi,78,623
Supplier B,Guangxi,95,739
Supplier E,Shaanxi,64,580
Supplier C,Jilin,97,723
Supplier E,Sichuan,67,136
Supplier A,Yunnan,60,390
Supplier E,Shandong,91,888
Supplier B,Zhejiang,77,775
Supplier A,Guangdong,70,662
Supplier D,Liaoning,92,583
Supplier C,Shanghai,92,923
Supplier E,Sichuan,76,163
Supplier D,Guangdong,94,730
Supplier C,Shanghai,94,300
Supplier E,Jiangsu,93,282
Supplier E,Guangdong,82,256
Supplier C,Shenzhen,97,680
Supplier E,Shanghai,83,399
Supplier E,Shaanxi,82,880
Supplier D,Henan,69,370
Supplier A,Shenzhen,89,572
Supplier B,Shaanxi,81,519
Supplier D,Liaoning,89,260
Supplier D,Shandong,65,672
Supplier D,Guangxi,89,349
Supplier D,Anhui,97,878
Supplier D,Jiangsu,89,899
Supplier C,Shaanxi,60,604
Supplier C,Yunnan,94,945
Supplier A,Hunan,80,926
Supplier C,Jilin,79,259
Supplier A,Guangdong,89,938
Supplier A,Liaoning,66,239
Supplier D,Henan,90,353
Supplier A,Shaanxi,93,769
Supplier D,Shenzhen,79,319
Supplier E,Fujian,74,274
Supplier B,Jilin,60,122
Supplier E,Jilin,92,823
Supplier D,Anhui,61,575
Supplier E,Shandong,60,666
Supplier E,Liaoning,64,629
Supplier B,Guangxi,73,937
Supplier D,Shandong,65,415
Supplier A,Chongqing,87,892
Supplier C,Hunan,98,974
Supplier A,Guangxi,84,839
Supplier C,Guangxi,77,256
Supplier E,Chongqing,75,452
Supplier E,Liaoning,78,484
Supplier C,Shaanxi,68,476
Supplier E,Liaoning,86,453
Supplier C,Guangdong,62,447
Supplier E,Hubei,60,802
Supplier B,Henan,68,319
Supplier A,Yunnan,77,393
Supplier B,Shaanxi,86,521
Supplier C,Anhui,89,811
Supplier D,Hunan,67,864
Supplier C,Shandong,66,594
Supplier D,Anhui,66,239
Supplier E,Zhejiang,75,887
Supplier D,Anhui,92,292
Supplier A,Shaanxi,86,373
Supplier E,Fujian,82,146
Supplier D,Fujian,68,750
Supplier B,Yunnan,95,553
Supplier A,Jiangsu,87,103
Supplier D,Hubei,74,582
Supplier E,Jilin,65,677
Supplier E,Hunan,64,966
Supplier C,Jiangsu,93,923
Supplier D,Henan,77,150
Supplier B,Sichuan,93,950
Supplier D,Beijing,65,463
Supplier C,Jiangsu,86,608
Supplier E,Henan,84,335
Supplier E,Hunan,60,185
Supplier E,Beijing,61,230
Supplier D,Sichuan,83,170
Supplier B,Liaoning,74,913
Supplier D,Henan,77,450
Supplier A,Sichuan,81,630
Supplier D,Sichuan,89,499
Supplier C,Hubei,60,652
Supplier D,Chongqing,77,277
Supplier E,Chongqing,75,364
Supplier B,Shenzhen,82,823
Supplier C,Fujian,93,125
Supplier A,Shenzhen,85,233
Supplier C,Shanghai,62,439
Supplier D,Guangdong,98,659
Supplier B,Yunnan,79,809
Supplier D,Chongqing,66,853
Supplier E,Hubei,83,619
Supplier A,Heilongjiang,99,451
Supplier E,Shenzhen,92,411
Supplier B,Beijing,77,192
Supplier C,Jilin,95,976
Supplier C,Hunan,92,820
Supplier A,Jilin,94,680
Supplier E,Yunnan,86,105
Supplier B,Fujian,72,216
Supplier B,Chongqing,79,591
Supplier C,Liaoning,88,951
Supplier E,Fujian,61,353
Supplier B,Shaanxi,62,584
Supplier A,Guangdong,64,928
Supplier B,Anhui,76,997
Supplier D,Yunnan,63,554
Supplier B,Chongqing,84,180
Supplier A,Hubei,61,378
Supplier D,Shenzhen,98,367
Supplier A,Henan,75,788
Supplier B,Shenzhen,79,977
Supplier A,Heilongjiang,97,805
Supplier E,Shanghai,97,885
Supplier C,Henan,94,365
Supplier A,Shanghai,83,875
Supplier C,Hubei,68,346
Supplier A,Hubei,89,754
Supplier A,Henan,61,107
Supplier C,Shandong,84,819
Supplier A,Henan,86,454
Supplier B,Yunnan,99,582
Supplier B,Sichuan,80,762
Supplier C,Jilin,90,878
Supplier B,Jiangsu,96,941
Supplier C,Sichuan,63,609
Supplier D,Shandong,96,436
Supplier A,Jilin,77,648
Supplier A,Guangxi,79,264
Supplier C,Shandong,78,861
Supplier E,Jiangsu,87,453
Supplier A,Guangdong,98,640
Supplier A,Sichuan,80,478
Supplier E,Shandong,71,589
Supplier A,Chongqing,95,309
Supplier D,Liaoning,79,774
Supplier D,Shandong,98,384
Supplier D,Shaanxi,92,843
Supplier C,Zhejiang,93,292
Supplier E,Fujian,76,926
Supplier C,Shandong,87,124
Supplier D,Heilongjiang,79,511
Supplier D,Guangxi,85,546
Supplier D,Heilongjiang,78,415
Supplier D,Shandong,78,514
Supplier B,Shandong,68,615
Supplier B,Hubei,87,797
Supplier B,Fujian,60,213
Supplier A,Liaoning,84,565
Supplier D,Hunan,91,430
Supplier C,Beijing,80,820
Supplier B,Shanghai,68,761
Supplier B,Shandong,75,393
Supplier A,Heilongjiang,66,171
Supplier A,Liaoning,89,854
Supplier A,Anhui,87,939
Supplier C,Chongqing,67,152
Supplier A,Shaanxi,92,393
Supplier A,Shandong,96,152
Supplier B,Anhui,70,459
Supplier A,Shanghai,99,602
Supplier B,Shandong,81,947
Supplier D,Hubei,82,164
Supplier D,Jilin,89,258
Supplier C,Shaanxi,67,283
Supplier B,Jilin,74,506
Supplier A,Fujian,72,823
Supplier C,Beijing,82,856
Supplier E,Jiangsu,90,720
Supplier E,Liaoning,72,666
Supplier B,Henan,65,212
Supplier C,Beijing,65,782
Supplier A,Liaoning,80,715
Supplier E,Shenzhen,99,624
Supplier C,Fujian,79,538
Supplier D,Fujian,99,412
Supplier C,Fujian,92,153
Supplier C,Shanghai,78,239
Supplier C,Heilongjiang,60,864
Supplier D,Hunan,63,303
Supplier C,Beijing,77,550
Supplier D,Guangdong,96,509
Supplier E,Chongqing,93,277
Supplier B,Henan,87,337
Supplier C,Hubei,72,655
Supplier D,Yunnan,89,338
Supplier D,Shandong,78,944
Supplier C,Shaanxi,92,270
Supplier B,Jilin,72,760
Supplier A,Yunnan,70,377
Supplier E,Zhejiang,85,170
Supplier A,Hunan,87,401
Supplier C,Jiangsu,95,131
Supplier A,Henan,70,242
Supplier E,Shaanxi,71,412
Supplier A,Zhejiang,92,959
Supplier D,Shaanxi,87,230
Supplier E,Guangxi,73,771
Supplier C,Fujian,64,956
Supplier E,Jiangsu,63,439
Supplier B,Henan,95,867
Supplier B,Guangxi,75,660
Supplier D,Beijing,69,899
Supplier C,Beijing,89,348
Supplier B,Hunan,68,277
Supplier C,Hubei,79,600
Supplier E,Shanghai,79,375
Supplier E,Hunan,86,961
Supplier E,Zhejiang,74,213
Supplier A,Heilongjiang,93,981
Supplier C,Yunnan,60,112
Supplier A,Jiangsu,92,480
Supplier A,Liaoning,60,523
Supplier E,Liaoning,60,462
Supplier B,Anhui,96,342
Supplier B,Shanghai,79,890
Supplier B,Anhui,75,240
Supplier E,Guangdong,82,684
Supplier D,Hubei,69,360
Supplier D,Shaanxi,62,115
Supplier C,Anhui,85,350
Supplier E,Guangdong,99,302
Supplier D,Beijing,97,282
Supplier C,Chongqing,96,776
Supplier B,Jiangsu,84,447
Supplier E,Beijing,82,310
Supplier C,Heilongjiang,74,698
Supplier D,Guangdong,75,233
Supplier B,Fujian,98,150
Supplier A,Hunan,82,488
Supplier C,Guangdong,84,950
Supplier A,Shanghai,90,122
Supplier D,Hubei,63,369
Supplier E,Jilin,76,939
Supplier E,Heilongjiang,76,696
Supplier B,Liaoning,78,469
Supplier E,Sichuan,76,796
Supplier B,Hunan,63,663
Supplier B,Jilin,84,868
Supplier E,Zhejiang,99,867
Supplier D,Jilin,96,905
Supplier C,Heilongjiang,68,215
Supplier A,Heilongjiang,94,608
Supplier E,Jiangsu,77,286
Supplier E,Jilin,84,256
Supplier A,Shanghai,78,234
Supplier A,Fujian,89,743
Supplier D,Zhejiang,80,222
Supplier B,Heilongjiang,88,200
Supplier D,Jiangsu,63,167
Supplier D,Sichuan,60,244
Supplier D,Shanghai,87,606
Supplier C,Shaanxi,63,650
Supplier B,Henan,72,623
Supplier D,Shandong,81,954
Supplier B,Shandong,89,147
Supplier A,Hubei,73,823
Supplier D,Anhui,88,999
Supplier B,Shanghai,62,483
Supplier E,Chongqing,73,590
Supplier E,Shandong,94,390
Supplier D,Heilongjiang,68,291
Supplier E,Jiangsu,64,260
Supplier A,Zhejiang,60,939
Supplier C,Shenzhen,67,506
Supplier C,Beijing,92,968
Supplier A,Henan,85,347
Supplier D,Sichuan,76,182
Supplier A,Heilongjiang,60,837
Supplier D,Jiangsu,65,965
Supplier D,Zhejiang,90,199
Supplier D,Guangdong,90,808
Supplier B,Beijing,95,790
Supplier A,Henan,98,148
Supplier E,Sichuan,60,230
Supplier B,Henan,75,890
Supplier B,Guangdong,94,846
Supplier E,Fujian,74,242
Supplier C,Heilongjiang,97,457
Supplier C,Liaoning,64,918
Supplier C,Zhejiang,79,517
Supplier C,Guangdong,70,782
Supplier A,Sichuan,89,228
Supplier E,Liaoning,88,336
Supplier A,Chongqing,73,336
Supplier C,Jiangsu,99,619
Supplier E,Chongqing,65,912
Supplier B,Heilongjiang,71,502
Supplier A,Shanghai,63,845
Supplier C,Sichuan,81,571
Supplier B,Sichuan,63,107
Supplier B,Shandong,87,576
Supplier D,Heilongjiang,98,971
Supplier A,Shanghai,85,359
Supplier E,Jilin,85,184
Supplier C,Hunan,90,476
Supplier A,Henan,82,833
Supplier D,Anhui,74,569
Supplier E,Hunan,68,309
Supplier B,Henan,92,153
Supplier E,Henan,77,218
Supplier C,Liaoning,73,638
Supplier E,Hunan,90,878
Supplier D,Shenzhen,74,228
Supplier E,Yunnan,64,909
Supplier C,Anhui,70,387
Supplier A,Beijing,79,876
Supplier C,Yunnan,91,827
Supplier E,Fujian,96,115
Supplier A,Chongqing,84,479
Supplier D,Shaanxi,85,258
Supplier C,Shanghai,91,102
Supplier A,Hunan,92,860
Supplier B,Henan,67,100
Supplier D,Hubei,82,351
Supplier D,Hunan,80,889
Supplier A,Beijing,76,476
Supplier C,Guangxi,74,811
Supplier D,Shanghai,85,196
Supplier E,Shenzhen,73,979
Supplier E,Hubei,98,801
Supplier E,Sichuan,79,843
Supplier D,Shenzhen,97,625
Supplier A,Guangdong,85,977
Supplier B,Shanghai,77,881
Supplier E,Chongqing,86,610
Supplier C,Beijing,86,209
Supplier C,Guangdong,71,234
Supplier C,Sichuan,86,270
Supplier C,Fujian,87,380
Supplier A,Heilongjiang,80,854
Supplier C,Beijing,79,476
Supplier E,Anhui,76,831
Supplier B,Hunan,78,205
Supplier D,Jilin,72,196
Supplier E,Jilin,84,634
Supplier A,Shandong,65,338
Supplier D,Beijing,93,425
Supplier D,Sichuan,93,685
Supplier B,Anhui,71,444
Supplier B,Fujian,90,412
Supplier A,Sichuan,68,894
Supplier D,Shanghai,60,386
Supplier D,Jiangsu,94,964
Supplier D,Yunnan,60,172
Supplier D,Guangxi,82,491
Supplier A,Shanghai,85,294
Supplier A,Heilongjiang,98,462
Supplier E,Chongqing,86,646
Supplier D,Shanghai,75,152
Supplier E,Sichuan,68,978
Supplier B,Shaanxi,72,761
Supplier A,Zhejiang,97,530
Supplier C,Henan,73,828
Supplier A,Shanghai,63,840
Supplier B,Hunan,83,794
Supplier B,Jiangsu,76,731
Supplier B,Shenzhen,85,948
Supplier E,Fujian,79,821
Supplier A,Fujian,84,814
Supplier B,Sichuan,91,318
Supplier A,Beijing,77,607
Supplier B,Shenzhen,61,308
Supplier D,Yunnan,91,977
Supplier D,Henan,93,425
Supplier C,Jilin,69,958
Supplier E,Shandong,61,405
Supplier A,Guangxi,95,633
Supplier E,Yunnan,81,518
Supplier B,Sichuan,67,148
Supplier D,Yunnan,82,326
Supplier E,Jiangsu,76,961
Supplier B,Yunnan,80,572
Supplier A,Fujian,93,890
Supplier B,Heilongjiang,84,188
Supplier C,Zhejiang,70,527
Supplier B,Hubei,83,490
Supplier E,Guangxi,79,344
Supplier D,Hubei,99,355
Supplier E,Zhejiang,73,181
Supplier B,Guangxi,94,965
Supplier C,Guangdong,60,929
Supplier A,Henan,84,254
Supplier C,Guangdong,61,818
Supplier C,Beijing,81,689
Supplier B,Jilin,70,953
Supplier B,Heilongjiang,84,690
Supplier A,Guangdong,60,585
Supplier C,Heilongjiang,73,662
Supplier E,Jilin,75,316
Supplier C,Sichuan,65,695
Supplier B,Shenzhen,87,990
Supplier E,Shenzhen,83,994
Supplier E,Guangdong,68,708
Supplier D,Guangxi,64,135
Supplier C,Shaanxi,84,730
Supplier D,Zhejiang,98,245
Supplier A,Shaanxi,77,474
Supplier E,Zhejiang,80,624
Supplier B,Jilin,86,153
Supplier E,Heilongjiang,79,259
Supplier B,Shanghai,91,278
Supplier B,Shenzhen,83,614
Supplier B,Henan,82,873
Supplier C,Shandong,67,728
Supplier C,Chongqing,61,769
Supplier C,Anhui,82,714
Supplier D,Hunan,61,345
Supplier E,Shanghai,86,421
Supplier B,Liaoning,99,510
Supplier D,Guangdong,86,681
Supplier E,Heilongjiang,65,101
Supplier B,Jilin,97,155
Supplier B,Sichuan,84,676
Supplier D,Jilin,62,452
Supplier E,Sichuan,90,363
Supplier A,Henan,94,876
Supplier A,Shaanxi,99,588
Supplier B,Sichuan,82,441
Supplier E,Anhui,90,421
Supplier C,Shanghai,84,346
Supplier E,Heilongjiang,85,709
Supplier D,Jilin,74,324
Supplier C,Yunnan,75,266
Supplier C,Anhui,64,188
Supplier E,Beijing,66,846
Supplier E,Guangxi,65,209
Supplier D,Yunnan,65,455
Supplier A,Yunnan,94,248
Supplier A,Anhui,74,327
Supplier D,Shanghai,66,975
Supplier D,Liaoning,96,643
Supplier C,Hubei,68,247
Supplier E,Zhejiang,81,298
Supplier B,Chongqing,67,906
Supplier C,Jilin,82,847
Supplier D,Shandong,94,328
Supplier D,Jiangsu,83,434
Supplier A,Henan,85,323
Supplier B,Jiangsu,61,512
Supplier B,Shandong,85,501
Supplier A,Chongqing,91,527
Supplier B,Shandong,70,574
Supplier A,Yunnan,70,252
Supplier C,Shanghai,66,905
Supplier D,Shanghai,98,233
Supplier E,Liaoning,95,182
Supplier D,Chongqing,98,773
Supplier A,Shanghai,79,776
Supplier C,Jiangsu,74,800
Supplier C,Liaoning,63,691
Supplier D,Henan,80,982
Supplier D,Guangdong,87,550
Supplier D,Guangdong,97,357
Supplier D,Guangxi,92,251
Supplier D,Sichuan,77,802
Supplier B,Beijing,73,615
Supplier A,Jilin,81,636
Supplier B,Zhejiang,74,762
Supplier B,Fujian,65,122
Supplier A,Hubei,80,954
Supplier C,Henan,60,851
Supplier C,Zhejiang,89,370
Supplier D,Guangdong,73,338
Supplier E,Anhui,77,474
Supplier E,Heilongjiang,83,242
Supplier B,Chongqing,80,144
Supplier E,Heilongjiang,88,751
Supplier A,Sichuan,83,668
Supplier D,Sichuan,79,569
Supplier D,Hunan,97,567
Supplier E,Shenzhen,90,836
Supplier B,Shanghai,72,291
Supplier E,Shandong,64,807
Supplier E,Hubei,66,411
Supplier C,Shandong,99,153
Supplier C,Hubei,62,814
Supplier A,Heilongjiang,71,743
Supplier A,Zhejiang,94,308
Supplier B,Chongqing,93,793
Supplier E,Jilin,67,102
Supplier B,Beijing,71,413
Supplier E,Jiangsu,77,704
Supplier B,Jilin,62,125
Supplier D,Shenzhen,91,524
Supplier E,Shaanxi,90,123
Supplier E,Zhejiang,61,987
Supplier A,Hunan,72,631
Supplier A,Chongqing,68,626
Supplier E,Guangdong,96,309
Supplier E,Shenzhen,92,188
Supplier D,Zhejiang,89,516
Supplier C,Henan,91,825
Supplier E,Anhui,87,428
Supplier B,Jilin,63,938
Supplier E,Zhejiang,69,819
Supplier B,Jilin,82,617
Supplier B,Sichuan,91,548
Supplier C,Sichuan,97,670
Supplier B,Chongqing,70,149
Supplier C,Shanghai,76,536
Supplier A,Guangxi,65,121
Supplier B,Zhejiang,83,859
Supplier B,Shaanxi,67,514
Supplier C,Chongqing,82,725
Supplier B,Sichuan,67,942
Supplier E,Yunnan,73,380
Supplier A,Guangxi,62,157
Supplier D,Heilongjiang,70,540
Supplier E,Shenzhen,84,517
Supplier C,Shanghai,67,888
Supplier D,Heilongjiang,72,440
Supplier D,Shandong,84,749
Supplier E,Jilin,84,831
Supplier E,Sichuan,99,955
Supplier C,Anhui,99,880
Supplier B,Liaoning,61,173
Supplier A,Shanghai,88,867
Supplier E,Henan,94,690
Supplier C,Jilin,79,850
Supplier E,Zhejiang,78,101
Supplier B,Fujian,79,835
Supplier D,Guangdong,76,188
Supplier C,Jiangsu,63,617
Supplier E,Hunan,88,557
Supplier C,Shaanxi,66,662
Supplier B,Hunan,93,304
Supplier A,Chongqing,90,454
Supplier C,Beijing,88,672
Supplier A,Guangxi,84,304
Supplier A,Henan,63,581
Supplier E,Jilin,94,114
Supplier E,Chongqing,67,340
Supplier E,Heilongjiang,62,999
Supplier B,Fujian,99,849
Supplier B,Anhui,66,491
Supplier E,Shaanxi,62,537
Supplier E,Beijing,89,474
Supplier B,Shaanxi,64,673
Supplier E,Henan,89,614
Supplier C,Jilin,62,681
Supplier D,Shaanxi,63,540
Supplier B,Guangdong,63,893
Supplier D,Beijing,70,876
Supplier E,Hubei,71,709
Supplier A,Shanghai,63,660
Supplier A,Guangxi,90,437
Supplier C,Fujian,90,478
Supplier C,Shandong,61,110
Supplier E,Yunnan,77,684
Supplier C,Liaoning,79,552
Supplier A,Heilongjiang,81,144
Supplier B,Guangdong,85,846
Supplier B,Hubei,93,552
Supplier D,Chongqing,95,602
Supplier E,Sichuan,81,420
Supplier C,Shaanxi,78,286
Supplier B,Zhejiang,95,705
Supplier E,Yunnan,74,687
Supplier A,Liaoning,96,659
Supplier D,Heilongjiang,73,553
Supplier E,Henan,82,683
Supplier C,Henan,91,986
Supplier C,Zhejiang,72,285
Supplier A,Fujian,89,687
Supplier C,Hunan,87,892
Supplier A,Sichuan,82,754
Supplier A,Beijing,70,532
Supplier D,Guangdong,76,915
Supplier C,Jilin,71,688
Supplier D,Beijing,92,261
Supplier C,Heilongjiang,79,428
Supplier C,Heilongjiang,81,605
Supplier E,Hubei,81,288
Supplier A,Zhejiang,78,583
Supplier E,Heilongjiang,75,105
Supplier E,Henan,78,806
Supplier A,Sichuan,62,379
Supplier A,Sichuan,91,941
Supplier D,Jilin,99,693
Supplier E,Fujian,61,804
Supplier E,Hubei,85,996
Supplier B,Beijing,85,484
Supplier E,Fujian,94,347
Supplier C,Liaoning,73,934
Supplier C,Fujian,69,279
Supplier A,Liaoning,78,121
Supplier A,Beijing,71,963
Supplier B,Shenzhen,97,618
Supplier D,Henan,97,562
Supplier D,Shandong,70,305
Supplier C,Hunan,78,335
Supplier B,Shanghai,80,871
Supplier D,Heilongjiang,92,526
Supplier E,Guangdong,70,340
Supplier E,Beijing,99,727
Supplier A,Liaoning,62,148
Supplier C,Guangdong,84,344
Supplier D,Shaanxi,83,305
Supplier D,Jiangsu,63,717
Supplier A,Jiangsu,92,198
Supplier C,Hunan,93,819
Supplier B,Shenzhen,89,872
Supplier E,Zhejiang,70,272
Supplier B,Hunan,65,277
Supplier E,Jiangsu,67,620
Supplier D,Jiangsu,64,714
Supplier D,Sichuan,88,988
Supplier E,Jilin,80,865
Supplier D,Liaoning,88,498
Supplier C,Shanghai,68,962
Supplier D,Henan,92,199
Supplier A,Chongqing,95,620
Supplier A,Guangxi,70,923
Supplier E,Liaoning,92,629
Supplier A,Yunnan,93,509
Supplier A,Beijing,82,235
Supplier D,Yunnan,68,355
Supplier C,Heilongjiang,65,409
Supplier D,Zhejiang,91,563
Supplier E,Shandong,70,581
Supplier C,Henan,65,463
Supplier E,Beijing,98,670
Supplier A,Shaanxi,97,818
Supplier D,Henan,80,502
Supplier A,Shandong,82,151
Supplier A,Beijing,78,128
Supplier B,Shaanxi,87,760
Supplier C,Chongqing,85,702
Supplier B,Jilin,60,921
Supplier B,Anhui,76,632
Supplier C,Fujian,90,217
Supplier A,Hunan,84,450
Supplier E,Shenzhen,65,272
Supplier E,Jiangsu,61,689
Supplier D,Fujian,79,705
Supplier A,Sichuan,75,496
Supplier C,Shanghai,94,419
Supplier E,Yunnan,73,911
Supplier C,Shanghai,90,340
Supplier E,Heilongjiang,79,409
Supplier E,Guangdong,80,517
Supplier C,Zhejiang,61,623
Supplier C,Zhejiang,64,983
Supplier A,Chongqing,90,505
Supplier B,Heilongjiang,97,893
Supplier D,Guangdong,60,947
Supplier E,Shaanxi,69,164
Supplier C,Sichuan,88,391
Supplier B,Guangdong,78,134
Supplier A,Yunnan,77,608
Supplier C,Fujian,75,615
Supplier B,Hubei,79,500
Supplier B,Jiangsu,85,969
Supplier E,Jilin,82,576
Supplier A,Shenzhen,63,866
Supplier D,Anhui,79,138
Supplier A,Yunnan,68,433
Supplier B,Yunnan,82,644
Supplier D,Anhui,92,522
Supplier C,Shaanxi,77,845
Supplier B,Jilin,99,114
Supplier A,Jilin,88,842
Supplier A,Fujian,81,474
Supplier C,Shaanxi,62,406
Supplier E,Hunan,90,114
Supplier E,Anhui,85,182
Supplier C,Shaanxi,83,953
Supplier C,Fujian,95,835
Supplier E,Sichuan,72,293
Supplier A,Jilin,86,500
Supplier C,Shaanxi,76,725
Supplier C,Anhui,84,806
Supplier B,Jilin,72,413
Supplier E,Guangdong,79,728
Supplier A,Beijing,65,791
Supplier D,Jiangsu,84,616
Supplier D,Jilin,62,515
Supplier E,Chongqing,97,737
Supplier D,Heilongjiang,69,911
Supplier C,Hubei,65,692
Supplier B,Liaoning,71,567
Supplier B,Shaanxi,79,134
Supplier C,Anhui,94,322
Supplier C,Fujian,90,247
Supplier C,Shanghai,92,942
Supplier B,Hunan,65,564
Supplier C,Liaoning,90,192
Supplier A,Guangdong,67,569
Supplier E,Liaoning,60,667
Supplier D,Guangxi,60,614
Supplier C,Beijing,89,176
Supplier E,Jiangsu,92,944
Supplier A,Sichuan,80,502
Supplier A,Henan,66,665
Supplier B,Heilongjiang,75,469
Supplier E,Jiangsu,68,334
Supplier A,Chongqing,65,755
Supplier A,Shandong,75,455
Supplier E,Liaoning,65,996
Supplier A,Liaoning,71,246
Supplier B,Heilongjiang,69,368
Supplier E,Shenzhen,94,399
Supplier B,Shenzhen,64,532
Supplier A,Jilin,78,574
Supplier A,Liaoning,85,140
Supplier D,Hunan,78,169
Supplier C,Henan,86,281
Supplier C,Liaoning,96,513
Supplier B,Fujian,95,777
Supplier E,Sichuan,95,947
Supplier A,Liaoning,85,275
Supplier D,Shandong,81,643
Supplier C,Jiangsu,62,257
Supplier B,Zhejiang,61,922
Supplier D,Shandong,84,233
Supplier A,Shandong,96,892
Supplier B,Jilin,68,743
Supplier E,Guangdong,65,135
Supplier C,Jiangsu,76,934
Supplier E,Fujian,92,383
Supplier C,Heilongjiang,60,612
Supplier D,Anhui,62,201
Supplier E,Guangdong,89,352
Supplier E,Shanghai,81,211
Supplier D,Anhui,88,380
Supplier D,Zhejiang,65,675
Supplier E,Fujian,80,172
Supplier C,Shaanxi,98,955
Supplier E,Beijing,84,775
Supplier E,Anhui,83,878
Supplier D,Guangdong,79,910
Supplier B,Heilongjiang,61,333
Supplier A,Beijing,92,673
Supplier C,Jilin,78,999
Supplier C,Jiangsu,81,371
Supplier D,Guangdong,82,265
Supplier C,Jiangsu,67,324
Supplier A,Anhui,93,159
Supplier D,Liaoning,79,469
Supplier C,Sichuan,86,456
Supplier D,Shandong,98,788
Supplier B,Jiangsu,86,908
Supplier A,Hunan,66,461
Supplier D,Shenzhen,60,942
Supplier E,Jilin,90,127
Supplier E,Jilin,65,265
Supplier B,Zhejiang,97,521
Supplier E,Guangxi,83,202
Supplier B,Liaoning,94,375
Supplier D,Guangdong,78,935
Supplier A,Beijing,84,448
Supplier D,Beijing,62,627
Supplier B,Hubei,71,181
Supplier B,Chongqing,93,824
Supplier E,Henan,91,517
Supplier D,Shanghai,80,708
Supplier D,Shanghai,89,543
Supplier D,Yunnan,82,414
Supplier A,Shandong,95,988
Supplier E,Shenzhen,80,479
Supplier A,Anhui,70,679
Supplier B,Heilongjiang,93,760
Supplier E,Chongqing,73,672
Supplier B,Sichuan,68,314
Supplier B,Anhui,74,666
Supplier D,Jilin,92,323
Supplier D,Fujian,68,637
Supplier A,Beijing,87,882
Supplier C,Fujian,76,287
Supplier B,Shenzhen,63,757
Supplier A,Guangdong,96,597
Supplier D,Sichuan,78,238
Supplier D,Shandong,65,421
Supplier C,Henan,96,611
Supplier E,Hubei,67,991
Supplier A,Shaanxi,73,760
Supplier C,Hunan,83,517
Supplier B,Guangdong,71,900
Supplier C,Henan,91,973
Supplier B,Guangdong,72,823
Supplier D,Henan,76,773
Supplier A,Anhui,99,606
Supplier E,Guangdong,91,721
Supplier B,Chongqing,60,554
Supplier E,Shaanxi,96,899
Supplier B,Guangdong,90,158
Supplier D,Yunnan,71,202
Supplier B,Shandong,74,689
Supplier D,Shanghai,75,607
Supplier B,Shanghai,84,306
Supplier C,Beijing,67,543
Supplier E,Beijing,86,991
Supplier C,Jiangsu,76,570
Supplier E,Beijing,81,495
Supplier D,Jiangsu,87,310
Supplier B,Jilin,94,231
Supplier C,Shanghai,66,772
Supplier C,Guangdong,79,381
Supplier A,Heilongjiang,75,273
Supplier E,Chongqing,93,539
Supplier C,Fujian,82,263
Supplier D,Beijing,72,525
Supplier C,Chongqing,74,171
Supplier C,Zhejiang,71,967
Supplier D,Hubei,99,349
Supplier C,Sichuan,68,638
Supplier B,Shandong,95,591
Supplier A,Fujian,61,552
Supplier A,Heilongjiang,77,579
Supplier B,Chongqing,89,721
Supplier A,Fujian,77,824
Supplier E,Shaanxi,65,924
Supplier C,Liaoning,72,470
Supplier E,Shandong,65,667
Supplier D,Zhejiang,73,426
Supplier A,Shenzhen,86,678
Supplier D,Liaoning,69,697
Supplier C,Hunan,61,786
Supplier E,Henan,63,927
Supplier E,Sichuan,92,683
Supplier B,Hubei,63,953
Supplier B,Chongqing,73,339
Supplier D,Shenzhen,60,585
Supplier E,Shenzhen,90,442
Supplier C,Jilin,84,138
Supplier E,Guangdong,85,414
Supplier A,Jiangsu,88,280
Supplier A,Shandong,99,245
Supplier D,Heilongjiang,66,638
Supplier C,Liaoning,93,291
Supplier B,Yunnan,95,432
Supplier A,Beijing,92,530
Supplier E,Shandong,92,328
Supplier D,Yunnan,99,987
Supplier A,Zhejiang,82,360
Supplier C,Guangxi,75,741
Supplier C,Heilongjiang,88,212
Supplier B,Hunan,61,947
Supplier C,Heilongjiang,62,658
Supplier E,Anhui,65,720
Supplier E,Heilongjiang,70,353
Supplier C,Yunnan,80,375
Supplier C,Hubei,98,394
Supplier E,Zhejiang,83,828
Supplier E,Henan,60,853
Supplier D,Shanghai,96,414
Supplier D,Zhejiang,92,439
Supplier B,Liaoning,70,571
Supplier C,Hunan,91,631
Supplier D,Anhui,82,292
Supplier A,Jilin,71,933
Supplier C,Fujian,70,371
Supplier A,Jiangsu,61,735
Supplier E,Hunan,73,787
Supplier E,Guangxi,88,783
Supplier C,Hunan,98,708
Supplier D,Shaanxi,96,888
Supplier E,Shandong,93,288
Supplier A,Beijing,80,301
Supplier C,Fujian,87,357
Supplier C,Liaoning,95,904
Supplier E,Heilongjiang,91,965
Supplier C,Jiangsu,72,637
Supplier E,Beijing,77,941
Supplier E,Shandong,63,616
Supplier A,Shaanxi,92,542
Supplier B,Shandong,80,797
Supplier C,Guangdong,85,353
Supplier C,Yunnan,79,749
Supplier E,Shanghai,61,703
Supplier E,Anhui,71,709
Supplier A,Guangdong,63,831
Supplier D,Beijing,64,808
Supplier D,Shandong,79,977
Supplier D,Zhejiang,99,583
Supplier E,Fujian,99,934
Supplier D,Guangxi,90,608
Supplier D,Shenzhen,75,695
Supplier C,Shenzhen,61,857
Supplier C,Zhejiang,95,966
Supplier B,Beijing,62,578
Supplier D,Shenzhen,78,720
Supplier D,Hubei,64,159
Supplier A,Shenzhen,69,539
Supplier D,Guangxi,93,773
Supplier A,Hunan,73,584
Supplier B,Fujian,85,450
Supplier B,Sichuan,80,314
Supplier B,Zhejiang,60,322
Supplier E,Shandong,91,943
Supplier C,Hubei,99,398
Supplier E,Jiangsu,82,774
Supplier B,Shaanxi,66,651
Supplier A,Heilongjiang,67,193
Supplier A,Guangdong,84,498
Supplier D,Henan,70,461
Supplier D,Shaanxi,68,100
Supplier C,Shenzhen,76,863
Supplier C,Shandong,96,564
Supplier C,Jilin,81,404
Supplier A,Jilin,67,906
Supplier D,Jilin,62,938
Supplier C,Jilin,97,146
Supplier A,Heilongjiang,76,582
Supplier B,Zhejiang,84,308
Supplier C,Henan,82,306
Supplier D,Hubei,87,698
Supplier D,Jilin,69,739
Supplier B,Heilongjiang,90,824
Supplier D,Anhui,64,206
Supplier B,Liaoning,79,768
Supplier D,Liaoning,93,657
Supplier A,Shanghai,90,212
Supplier E,Shaanxi,94,462
Supplier D,Henan,67,228
Supplier E,Beijing,82,424
Supplier D,Shaanxi,63,361
Supplier D,Yunnan,90,390
Supplier D,Fujian,81,176
Supplier A,Anhui,62,216
Supplier A,Yunnan,96,358
Supplier C,Shenzhen,87,520
Supplier E,Heilongjiang,66,813
Supplier C,Guangxi,82,307
Supplier E,Anhui,95,814
Supplier B,Shenzhen,88,662
Supplier A,Hubei,97,131
Supplier A,Yunnan,96,660
Supplier A,Shandong,67,741
Supplier C,Zhejiang,83,247
Supplier B,Shenzhen,66,574
Supplier D,Guangdong,70,852
Supplier E,Hubei,92,265
Supplier A,Guangxi,94,983
Supplier A,Guangdong,92,786
Supplier D,Henan,92,772
Supplier B,Beijing,73,490
Supplier E,Jilin,68,255
Supplier D,Yunnan,69,666
Supplier A,Zhejiang,78,213
Supplier B,Heilongjiang,96,158
Supplier D,Yunnan,85,776
Supplier B,Zhejiang,71,576
Supplier C,Shanghai,63,996
Supplier E,Hunan,60,294
Supplier B,Liaoning,69,758
Supplier E,Chongqing,95,128
Supplier A,Yunnan,87,742
Supplier B,Chongqing,63,866
Supplier A,Hunan,81,426
Supplier C,Shaanxi,81,150
Supplier C,Anhui,61,777
Supplier C,Henan,94,153
Supplier E,Henan,66,263
Supplier A,Hubei,97,150
Supplier A,Shenzhen,75,741
Supplier D,Hubei,81,228
Supplier A,Jiangsu,71,853
Supplier C,Shandong,71,795
Supplier B,Yunnan,92,515
Supplier B,Hubei,80,637
Supplier A,Shenzhen,71,411
Supplier A,Zhejiang,97,892
Supplier C,Liaoning,81,241
Supplier C,Shaanxi,78,366
Supplier C,Beijing,96,691
Supplier A,Shanghai,96,298
Supplier B,Hunan,69,545
Supplier C,Shenzhen,61,931
Supplier E,Shaanxi,69,504
Supplier E,Jilin,85,822
Supplier A,Heilongjiang,83,388
Supplier E,Shandong,97,519
Supplier B,Heilongjiang,64,296
Supplier B,Hubei,64,150
Supplier E,Sichuan,63,930
Supplier D,Guangxi,97,812
Supplier A,Hunan,83,142
Supplier C,Zhejiang,83,644
Supplier D,Shanghai,78,974
Supplier A,Shandong,64,205
Supplier E,Beijing,93,978
Supplier D,Jiangsu,69,577
Supplier E,Hubei,78,556
Supplier C,Beijing,88,798
Supplier D,Liaoning,80,973
Supplier B,Anhui,66,355
Supplier B,Henan,68,491
Supplier E,Shenzhen,89,664
Supplier D,Guangxi,89,901
Supplier A,Liaoning,92,926
Supplier C,Guangdong,92,515
Supplier E,Guangxi,99,114
Supplier A,Heilongjiang,84,309
Supplier E,Anhui,73,910
Supplier A,Liaoning,81,471
Supplier D,Fujian,73,206
Supplier B,Shandong,81,160
Supplier D,Anhui,87,940
Supplier E,Jilin,90,551
Supplier B,Guangdong,80,700
Supplier B,Shenzhen,74,660
Supplier E,Sichuan,74,591
Supplier A,Sichuan,82,917
Supplier A,Guangdong,70,609
Supplier A,Henan,64,698
Supplier A,Hubei,92,956
Supplier A,Beijing,73,224
Supplier D,Liaoning,73,116
Supplier E,Zhejiang,61,656
Supplier B,Shanghai,71,320
Supplier A,Jilin,96,446
Supplier E,Shaanxi,60,226
Supplier B,Jiangsu,83,974
Supplier A,Hunan,64,127
Supplier D,Jiangsu,77,698
Supplier B,Yunnan,72,422
Supplier A,Hubei,61,574
Supplier B,Henan,69,456
Supplier E,Anhui,81,635
Supplier B,Shanghai,63,899
Supplier D,Jilin,66,169
Supplier D,Yunnan,98,917
Supplier E,Hunan,76,534
Supplier B,Henan,75,167
Supplier D,Hubei,63,605
Supplier C,Guangdong,72,305
Supplier C,Fujian,83,318
Supplier A,Guangdong,61,749
Supplier C,Fujian,73,713
Supplier D,Shandong,74,476
Supplier D,Yunnan,95,213
Supplier E,Yunnan,76,811
Supplier D,Jilin,76,338
Supplier A,Hubei,61,954
Supplier C,Sichuan,60,790
Supplier E,Shanghai,86,251
Supplier A,Shanghai,99,524
Supplier D,Fujian,73,878
Supplier C,Hubei,63,761
Supplier A,Yunnan,89,367
Supplier A,Heilongjiang,89,485
Supplier A,Guangdong,62,860
Supplier C,Beijing,95,925
Supplier D,Beijing,83,607
Supplier A,Jilin,80,868
Supplier E,Jilin,96,353
Supplier D,Shaanxi,82,868
Supplier D,Sichuan,64,857
Supplier E,Shaanxi,85,672
Supplier A,Shaanxi,99,190
Supplier D,Guangdong,94,940
Supplier E,Hunan,90,752
Supplier A,Hubei,85,998
Supplier D,Sichuan,62,234
Supplier A,Shandong,63,828
Supplier D,Jilin,71,916
Supplier D,Yunnan,74,729
Supplier E,Shanghai,77,289
Supplier C,Guangdong,65,833
Supplier D,Shandong,87,349
Supplier C,Hubei,89,149
Supplier B,Sichuan,89,321
Supplier B,Jilin,65,192
Supplier B,Sichuan,79,199
Supplier C,Shandong,87,601
Supplier B,Liaoning,62,328
Supplier A,Zhejiang,93,496
Supplier B,Liaoning,84,661
Supplier D,Shanghai,77,682
Supplier D,Anhui,67,316
Supplier D,Sichuan,65,495
Supplier C,Hunan,69,391
Supplier D,Hunan,63,631
Supplier B,Beijing,77,939
Supplier A,Fujian,73,213
Supplier C,Henan,66,257
Supplier D,Guangxi,87,829
Supplier A,Jiangsu,92,104
Supplier B,Hubei,82,625
Supplier B,Guangxi,62,178
Supplier E,Guangdong,71,462
Supplier C,Hubei,70,256
Supplier C,Sichuan,90,447
Supplier C,Fujian,76,813
Supplier B,Anhui,79,183
Supplier C,Yunnan,65,329
Supplier E,Shanghai,91,772
Supplier B,Anhui,69,753
Supplier D,Anhui,71,988
Supplier C,Liaoning,83,637
Supplier B,Shaanxi,93,508
Supplier A,Sichuan,61,370
Supplier D,Jilin,98,269
Supplier C,Jiangsu,87,641
Supplier A,Fujian,68,221
Supplier B,Hunan,85,595
Supplier A,Sichuan,85,991
Supplier B,Sichuan,80,297
Supplier A,Shandong,71,982
Supplier C,Henan,83,281
Supplier E,Shenzhen,99,445
Supplier D,Guangxi,78,361
Supplier C,Hubei,83,528
Supplier B,Guangdong,71,853
Supplier C,Jiangsu,68,735
Supplier D,Yunnan,86,219
Supplier E,Sichuan,73,372
Supplier C,Henan,67,303
Supplier D,Hunan,72,509
Supplier E,Zhejiang,88,637
Supplier E,Shenzhen,78,209
Supplier E,Jiangsu,89,920
Supplier C,Liaoning,85,454
Supplier E,Shandong,94,954
Supplier E,Liaoning,71,318
Supplier A,Guangdong,82,340
Supplier D,Yunnan,96,684
Supplier C,Liaoning,74,135
Supplier B,Liaoning,88,735
Supplier B,Sichuan,97,653
Supplier E,Jilin,67,279
Supplier D,Heilongjiang,65,806
Supplier C,Zhejiang,67,581
Supplier A,Heilongjiang,97,633
Supplier E,Shenzhen,64,228
Supplier E,Sichuan,89,655
Supplier A,Liaoning,85,771
Supplier E,Liaoning,86,432
Supplier B,Anhui,75,419
Supplier C,Liaoning,80,585
Supplier E,Heilongjiang,92,432
Supplier A,Henan,76,169
Supplier A,Hubei,99,994
Supplier A,Jiangsu,84,993
Supplier C,Jiangsu,64,383
Supplier A,Henan,74,252
Supplier B,Shenzhen,88,291
Supplier C,Liaoning,91,314
Supplier E,Zhejiang,98,256
Supplier E,Fujian,97,991
Supplier B,Zhejiang,60,982
Supplier D,Guangdong,61,727
Supplier A,Guangxi,90,804
Supplier E,Sichuan,91,125
Supplier E,Chongqing,63,770
Supplier B,Henan,72,423
Supplier D,Guangxi,67,463
Supplier B,Hunan,72,446
Supplier A,Jilin,88,444
Supplier C,Jiangsu,78,937
Supplier E,Hunan,78,820
Supplier A,Guangxi,77,485
Supplier D,Beijing,86,640
Supplier B,Beijing,72,553
Supplier C,Chongqing,77,611
Supplier C,Henan,65,993
Supplier D,Shanghai,97,659
Supplier E,Hubei,89,573
Supplier B,Guangdong,87,177
Supplier A,Guangxi,92,118
Supplier E,Jilin,86,995
Supplier C,Zhejiang,88,398
Supplier D,Heilongjiang,94,261
Supplier B,Anhui,61,526
Supplier D,Sichuan,75,453
Supplier B,Guangdong,63,724
Supplier A,Chongqing,80,129
Supplier C,Liaoning,83,483
Supplier D,Fujian,70,904
Supplier E,Liaoning,98,434
Supplier E,Henan,84,559
Supplier C,Shaanxi,66,380
Supplier B,Guangxi,84,718
Supplier A,Hunan,81,153
Supplier A,Hunan,91,809
Supplier D,Chongqing,61,571
Supplier E,Zhejiang,73,495
Supplier A,Jilin,82,190
Supplier C,Guangdong,79,500
Supplier E,Shenzhen,94,338
Supplier E,Zhejiang,60,920
Supplier A,Henan,83,691
Supplier E,Liaoning,98,507
Supplier B,Henan,69,303
Supplier A,Jilin,77,327
Supplier B,Shandong,92,111
Supplier B,Fujian,92,712
Supplier C,Shandong,91,593
Supplier C,Shandong,76,597
Supplier B,Yunnan,93,293
Supplier B,Shenzhen,86,424
Supplier A,Guangxi,96,248
Supplier A,Yunnan,60,337
Supplier D,Shandong,97,196
Supplier C,Chongqing,77,363
Supplier E,Shaanxi,69,688
Supplier B,Zhejiang,74,683
Supplier D,Guangdong,66,675
Supplier B,Shenzhen,82,836
Supplier A,Hunan,99,508
Supplier A,Anhui,71,488
Supplier E,Shanghai,97,647
Supplier E,Shaanxi,62,388
Supplier B,Guangxi,79,117
Supplier C,Shanghai,70,176
Supplier B,Jiangsu,96,372
Supplier A,Hunan,70,928
Supplier D,Shenzhen,73,284
Supplier E,Zhejiang,87,389
Supplier E,Chongqing,99,859
Supplier D,Shaanxi,76,906
Supplier B,Shanghai,76,685
Supplier A,Heilongjiang,86,255
Supplier E,Liaoning,64,362
Supplier B,Fujian,76,844
Supplier B,Hubei,94,181
Supplier E,Zhejiang,69,474
Supplier C,Sichuan,88,527
Supplier A,Anhui,99,756
Supplier B,Sichuan,78,358
Supplier A,Liaoning,94,357
Supplier A,Yunnan,70,514
Supplier E,Henan,62,385
Supplier E,Henan,74,625
Supplier E,Anhui,96,755
Supplier D,Yunnan,74,128
Supplier A,Guangdong,90,455
Supplier B,Henan,84,738
Supplier D,Hubei,72,565
Supplier D,Hubei,91,142
Supplier C,Shandong,89,248
Supplier E,Beijing,61,510
Supplier E,Liaoning,85,299
Supplier B,Liaoning,64,333
Supplier A,Hubei,86,660
Supplier A,Sichuan,95,222
Supplier E,Anhui,61,605
Supplier E,Yunnan,83,972
Supplier D,Guangdong,71,208
Supplier E,Hubei,81,590
Supplier B,Shaanxi,73,403
Supplier A,Hunan,90,795
Supplier A,Jilin,61,918
Supplier B,Jiangsu,87,911
Supplier C,Heilongjiang,96,291
Supplier A,Jiangsu,64,610
Supplier B,Shandong,92,609
Supplier D,Hubei,79,798
Supplier D,Sichuan,84,105
Supplier C,Jiangsu,61,506
Supplier D,Sichuan,93,507
Supplier E,Liaoning,74,509
Supplier D,Fujian,90,151
Supplier C,Beijing,88,144
Supplier B,Shenzhen,61,701
Supplier D,Shandong,92,838
Supplier C,Heilongjiang,69,997
Supplier E,Guangdong,62,581
Supplier B,Yunnan,96,782
Supplier D,Fujian,75,636
Supplier A,Sichuan,68,896
Supplier D,Henan,79,746
Supplier A,Chongqing,84,395
Supplier E,Shaanxi,88,144
Supplier E,Guangxi,67,135
Supplier D,Jiangsu,60,146
Supplier B,Heilongjiang,71,417
Supplier E,Guangxi,78,450
Supplier C,Hunan,71,793
Supplier A,Hubei,86,588
Supplier A,Yunnan,74,796
Supplier C,Shaanxi,82,513
Supplier B,Sichuan,95,781
Supplier C,Shandong,86,440
Supplier A,Heilongjiang,76,598
Supplier C,Shaanxi,75,128
Supplier A,Hunan,94,205
Supplier D,Shenzhen,76,448
Supplier D,Shenzhen,81,177
Supplier E,Jiangsu,72,338
Supplier A,Guangxi,71,616
Supplier A,Beijing,85,770
Supplier C,Guangdong,98,612
Supplier E,Henan,74,233
Supplier A,Hubei,60,119
Supplier D,Jiangsu,75,951
Supplier B,Anhui,71,850
Supplier A,Guangdong,74,282
Supplier C,Yunnan,69,414
Supplier E,Yunnan,75,361
Supplier D,Beijing,80,735
Supplier C,Fujian,88,944
Supplier C,Jilin,68,258
Supplier C,Shanghai,62,173
Supplier C,Liaoning,68,618
Supplier A,Beijing,82,787
Supplier B,Liaoning,60,568
Supplier D,Shenzhen,66,659
Supplier B,Yunnan,68,137
Supplier D,Shaanxi,67,472
Supplier B,Sichuan,75,939
Supplier B,Hubei,87,914
Supplier C,Guangxi,64,194
Supplier E,Hubei,80,637
Supplier B,Beijing,94,295
Supplier A,Jilin,98,812
Supplier A,Henan,66,490
Supplier C,Shanghai,68,750
Supplier C,Guangdong,77,895
Supplier D,Jilin,97,814
Supplier A,Guangdong,63,958
Supplier C,Henan,91,902
Supplier E,Zhejiang,66,846
Supplier E,Heilongjiang,82,983
Supplier D,Jilin,91,228
Supplier D,Guangxi,68,128
Supplier E,Hubei,72,988
Supplier B,Shanghai,72,443
Supplier E,Liaoning,66,624
Supplier E,Jiangsu,62,779
Supplier A,Beijing,90,910
Supplier B,Chongqing,84,998
Supplier A,Shenzhen,90,885
Supplier C,Henan,78,338
Supplier A,Sichuan,67,847
Supplier D,Guangxi,81,995
Supplier C,Hunan,70,197
Supplier A,Fujian,81,780
Supplier A,Henan,71,744
Supplier E,Shaanxi,91,384
Supplier B,Jilin,99,779
Supplier C,Chongqing,65,713
Supplier D,Chongqing,83,228
Supplier C,Yunnan,85,875
Supplier D,Anhui,75,387
Supplier E,Fujian,96,548
Supplier B,Anhui,96,367
Supplier C,Hubei,86,993
Supplier D,Shaanxi,73,273
Supplier D,Beijing,83,188
Supplier D,Sichuan,80,543
Supplier E,Hubei,87,679
Supplier B,Hunan,70,388
Supplier D,Shaanxi,96,692
Supplier D,Guangdong,82,241
Supplier E,Hubei,96,422
Supplier B,Yunnan,70,623
Supplier A,Henan,60,547
Supplier E,Shaanxi,75,173
Supplier A,Shenzhen,63,802
Supplier A,Heilongjiang,79,503
Supplier B,Zhejiang,97,423
Supplier D,Shaanxi,90,496
Supplier E,Yunnan,62,715
Supplier D,Hunan,97,748
Supplier A,Shenzhen,81,435
Supplier B,Heilongjiang,96,942
Supplier C,Shenzhen,79,860
Supplier A,Zhejiang,85,413
Supplier D,Fujian,68,727
Supplier D,Anhui,69,689
Supplier E,Liaoning,92,569
Supplier A,Guangxi,71,429
Supplier E,Sichuan,61,352
Supplier B,Chongqing,87,308
Supplier C,Guangxi,96,533
Supplier E,Beijing,66,879
Supplier D,Jilin,72,964
Supplier B,Beijing,76,500
Supplier B,Liaoning,64,744
Supplier B,Liaoning,78,525
Supplier C,Hubei,78,892
Supplier B,Jilin,62,561
Supplier B,Jiangsu,69,793
Supplier A,Jiangsu,99,464
Supplier C,Jilin,68,117
Supplier B,Guangdong,90,878
Supplier E,Guangdong,68,413
Supplier A,Zhejiang,88,562
Supplier D,Yunnan,71,245
Supplier E,Heilongjiang,82,382
Supplier D,Anhui,68,504
Supplier C,Shaanxi,80,786
Supplier A,Beijing,77,825
Supplier C,Shaanxi,68,727
Supplier D,Jiangsu,60,998
Supplier D,Zhejiang,66,156
Supplier E,Jilin,78,809
Supplier B,Jiangsu,71,745
Supplier C,Chongqing,87,732
Supplier E,Jilin,61,586
Supplier E,Heilongjiang,74,703
Supplier A,Sichuan,82,537
Supplier C,Chongqing,67,468
Supplier A,Guangdong,60,226
Supplier A,Hunan,84,196
Supplier E,Guangdong,67,752
Supplier A,Shanghai,60,668
Supplier B,Anhui,78,332
Supplier B,Zhejiang,85,103
Supplier A,Hubei,97,746
Supplier B,Jiangsu,83,235
Supplier E,Jilin,73,421
Supplier A,Guangdong,88,161
Supplier B,Beijing,99,492
Supplier C,Hubei,71,130
Supplier B,Sichuan,67,170
Supplier D,Shandong,67,394
Supplier A,Shaanxi,76,446
Supplier A,Liaoning,60,520
Supplier D,Shaanxi,61,517
Supplier B,Hunan,64,890
Supplier C,Jiangsu,74,579
Supplier C,Hubei,79,915
Supplier B,Hunan,93,240
Supplier B,Hubei,92,261
Supplier D,Yunnan,71,202
Supplier E,Jilin,60,960
Supplier E,Sichuan,95,782
Supplier C,Jiangsu,75,118
Supplier C,Shaanxi,89,842
Supplier D,Jiangsu,88,392
Supplier E,Jilin,77,605
Supplier B,Heilongjiang,74,961
Supplier B,Shenzhen,78,760
Supplier B,Hunan,82,610
Supplier D,Yunnan,60,684
Supplier D,Fujian,72,766
Supplier E,Henan,81,497
Supplier A,Heilongjiang,74,445
Supplier E,Shandong,64,731
Supplier D,Shenzhen,90,321
Supplier B,Shaanxi,62,193
Supplier B,Jiangsu,68,437
Supplier A,Shanghai,79,831
Supplier D,Yunnan,64,452
Supplier B,Yunnan,98,700
Supplier C,Fujian,60,253
Supplier D,Shenzhen,72,483
Supplier A,Shandong,82,975
Supplier C,Beijing,82,804
Supplier C,Jiangsu,78,375
Supplier C,Shaanxi,80,683
Supplier A,Chongqing,90,321
Supplier C,Shandong,91,145
Supplier D,Jilin,99,342
Supplier D,Henan,70,663
Supplier D,Anhui,88,297
Supplier C,Shenzhen,66,448
Supplier B,Zhejiang,89,148
Supplier C,Guangdong,60,177
Supplier B,Guangxi,73,677
Supplier B,Chongqing,87,259
Supplier E,Jilin,83,738
Supplier A,Hubei,99,938
Supplier C,Beijing,67,159
Supplier B,Guangdong,71,468
Supplier B,Shanghai,75,474
Supplier A,Anhui,68,181
Supplier C,Jiangsu,99,314
Supplier B,Anhui,95,859
Supplier A,Shanghai,68,366
Supplier C,Shanghai,94,188
Supplier E,Hubei,75,882
Supplier C,Guangdong,71,702
Supplier E,Guangxi,97,177
Supplier E,Shaanxi,80,740
Supplier E,Anhui,87,583
Supplier A,Jilin,82,519
Supplier C,Beijing,81,347
Supplier C,Heilongjiang,93,297
Supplier B,Hubei,62,698
Supplier D,Shanghai,89,805
Supplier A,Shandong,68,239
Supplier C,Fujian,69,827
Supplier A,Shanghai,64,902
Supplier D,Heilongjiang,72,249
Supplier B,Fujian,93,707
Supplier A,Shanghai,87,661
Supplier D,Liaoning,84,358
Supplier D,Jiangsu,62,827
Supplier E,Hubei,79,363
Supplier D,Jiangsu,81,644
Supplier E,Yunnan,99,458
Supplier D,Anhui,60,195
Supplier B,Jiangsu,91,146
Supplier C,Yunnan,89,154
Supplier C,Fujian,98,859
Supplier A,Beijing,75,373
Supplier E,Anhui,62,812
Supplier D,Yunnan,82,429
Supplier B,Jilin,61,328
Supplier B,Jiangsu,69,389
Supplier B,Yunnan,89,311
Supplier D,Fujian,60,459
Supplier D,Yunnan,86,940
Supplier A,Liaoning,82,701
Supplier B,Guangxi,85,608
Supplier B,Guangxi,97,819
Supplier C,Anhui,63,611
Supplier D,Guangxi,67,179
Supplier D,Shenzhen,87,171
Supplier B,Henan,77,904
Supplier D,Fujian,81,444
Supplier A,Jiangsu,80,502
Supplier E,Jiangsu,97,271
Supplier A,Sichuan,90,459
Supplier D,Fujian,82,954
Supplier C,Yunnan,96,652
Supplier A,Anhui,91,521
Supplier A,Shaanxi,72,227
Supplier C,Guangdong,86,819
Supplier D,Hunan,93,586
Supplier B,Shenzhen,86,141
Supplier B,Guangdong,86,244
Supplier E,Jilin,96,738
Supplier D,Shandong,83,866
Supplier A,Anhui,86,168
Supplier C,Heilongjiang,91,590
Supplier D,Shaanxi,90,718
Supplier D,Anhui,97,312
Supplier E,Hunan,99,943
Supplier A,Hunan,90,562
Supplier D,Zhejiang,84,380
Supplier A,Hubei,68,577
Supplier C,Henan,81,453
Supplier A,Sichuan,62,268
Supplier C,Shenzhen,71,475
Supplier A,Beijing,70,111
Supplier D,Shenzhen,69,419
Supplier B,Chongqing,65,317
Supplier B,Heilongjiang,63,974
Supplier B,Shanghai,64,943
Supplier B,Guangdong,63,751
Supplier B,Beijing,81,522
Supplier A,Jilin,68,291
Supplier E,Guangxi,68,982
Supplier A,Shandong,63,580
Supplier C,Zhejiang,66,901
Supplier E,Shandong,98,850
Supplier C,Jiangsu,75,884
Supplier E,Beijing,80,203
Supplier E,Jiangsu,60,750
Supplier D,Zhejiang,81,922
Supplier C,Shaanxi,72,861
Supplier D,Liaoning,97,463
Supplier D,Hunan,85,336
Supplier A,Liaoning,67,585
Supplier C,Guangdong,82,786
Supplier B,Fujian,92,498
Supplier B,Hunan,60,125
Supplier A,Hunan,92,122
Supplier A,Guangxi,92,254
Supplier E,Henan,95,714
Supplier E,Shandong,89,861
Supplier C,Zhejiang,92,942
Supplier B,Beijing,71,482
Supplier E,Shandong,60,602
Supplier D,Chongqing,95,861
Supplier C,Yunnan,75,750
Supplier E,Zhejiang,79,844
Supplier B,Fujian,94,778
Supplier D,Sichuan,88,148
Supplier A,Henan,98,736
Supplier E,Beijing,79,569
Supplier E,Jilin,79,178
Supplier B,Shaanxi,67,579
Supplier C,Fujian,69,830
Supplier A,Jilin,70,529
Supplier C,Shaanxi,69,571
Supplier B,Shenzhen,84,996
Supplier B,Jilin,62,738
Supplier A,Fujian,75,499
Supplier D,Jiangsu,73,654
Supplier A,Jilin,93,798
Supplier E,Shandong,86,545
Supplier E,Guangxi,92,203
Supplier E,Shandong,77,950
Supplier D,Hunan,87,156
Supplier D,Shanghai,99,179
Supplier E,Yunnan,91,708
Supplier B,Guangdong,77,736
Supplier E,Jilin,99,877
Supplier B,Fujian,65,284
Supplier D,Hubei,97,134
Supplier E,Sichuan,93,131
Supplier D,Hunan,72,466
Supplier D,Beijing,68,713
Supplier A,Jiangsu,75,451
Supplier D,Heilongjiang,78,144
Supplier E,Shandong,92,491
Supplier A,Shaanxi,63,611
Supplier D,Zhejiang,95,800
Supplier D,Liaoning,68,929
Supplier A,Shaanxi,68,331
Supplier B,Hubei,83,730
Supplier E,Anhui,88,443
Supplier A,Yunnan,98,914
Supplier D,Anhui,78,991
Supplier B,Anhui,92,515
Supplier B,Yunnan,87,887
Supplier A,Hubei,96,411
Supplier B,Chongqing,88,411
Supplier B,Sichuan,91,711
Supplier E,Fujian,89,879
Supplier E,Shenzhen,62,616
Supplier C,Sichuan,75,788
Supplier A,Jilin,96,131
Supplier D,Shandong,96,296
Supplier C,Guangdong,90,871
Supplier C,Yunnan,60,114
Supplier B,Chongqing,98,511
Supplier D,Zhejiang,69,354
Supplier E,Chongqing,73,170
Supplier D,Guangxi,99,287
Supplier D,Chongqing,95,665
Supplier B,Yunnan,68,313
Supplier D,Guangxi,60,257
Supplier C,Liaoning,91,917
Supplier A,Guangxi,87,609
Supplier A,Zhejiang,67,779
Supplier B,Liaoning,97,600
Supplier D,Guangdong,88,503
Supplier D,Zhejiang,78,838
Supplier A,Henan,97,839
Supplier A,Fujian,65,621
Supplier B,Jilin,72,261
Supplier B,Sichuan,93,470
Supplier D,Heilongjiang,91,984
Supplier D,Jilin,81,152
Supplier D,Yunnan,74,293
Supplier E,Hunan,70,812
Supplier C,Heilongjiang,82,431
Supplier E,Henan,93,713
Supplier D,Hunan,83,150
Supplier C,Heilongjiang,64,767
Supplier E,Anhui,72,735
Supplier B,Hubei,75,655
Supplier D,Jiangsu,61,164
Supplier E,Henan,78,453
Supplier A,Heilongjiang,77,229
Supplier B,Jilin,61,329
Supplier C,Sichuan,86,599
Supplier C,Yunnan,87,339
Supplier C,Shenzhen,94,678
Supplier E,Henan,97,705
Supplier D,Beijing,87,505
Supplier A,Liaoning,88,874
Supplier C,Hubei,72,244
Supplier B,Hubei,75,512
Supplier C,Shaanxi,96,243
Supplier E,Yunnan,86,326
Supplier A,Heilongjiang,60,400
Supplier C,Anhui,82,571
Supplier D,Zhejiang,69,906
Supplier A,Henan,86,468
Supplier A,Guangdong,74,421
Supplier B,Yunnan,71,609
Supplier A,Shenzhen,71,157
Supplier B,Shaanxi,93,600
Supplier C,Shanghai,93,892
Supplier E,Shaanxi,91,340
Supplier C,Guangdong,69,692
Supplier B,Shenzhen,93,314
Supplier A,Anhui,64,668
Supplier E,Anhui,96,722
Supplier C,Shenzhen,70,122
Supplier E,Shandong,62,583
Supplier B,Sichuan,91,119
Supplier C,Liaoning,84,990
Supplier B,Heilongjiang,80,624
Supplier B,Fujian,90,188
Supplier D,Zhejiang,97,567
Supplier D,Shanghai,71,847
Supplier C,Jilin,65,648
Supplier B,Yunnan,75,593
Supplier B,Jiangsu,61,765
Supplier C,Henan,95,529
Supplier E,Yunnan,91,618
Supplier D,Chongqing,72,522
Supplier E,Jilin,90,325
Supplier C,Yunnan,63,895
Supplier A,Shenzhen,96,217
Supplier B,Shandong,96,339
Supplier E,Heilongjiang,65,671
Supplier D,Shaanxi,64,636
Supplier D,Anhui,78,536
Supplier E,Liaoning,99,494
Supplier A,Heilongjiang,98,634
Supplier C,Fujian,64,209
Supplier E,Guangxi,84,981
Supplier E,Shanghai,88,983
Supplier D,Beijing,66,331
Supplier C,Anhui,68,307
Supplier B,Shaanxi,85,429
Supplier E,Beijing,74,511
Supplier E,Fujian,95,615
Supplier D,Guangxi,89,858
Supplier A,Anhui,64,185
Supplier E,Hubei,92,984
Supplier E,Shenzhen,88,768
Supplier E,Sichuan,66,831
Supplier A,Heilongjiang,92,286
Supplier A,Guangxi,91,939
Supplier B,Beijing,68,270
Supplier A,Guangdong,97,199
Supplier B,Guangxi,88,986
Supplier B,Guangdong,88,114
Supplier D,Guangdong,68,529
Supplier D,Fujian,72,468
Supplier D,Henan,99,393
Supplier A,Chongqing,77,373
Supplier A,Shaanxi,66,870
Supplier B,Shanghai,90,566
Supplier E,Chongqing,72,104
Supplier D,Henan,98,304
Supplier A,Hunan,60,107
Supplier E,Jilin,83,307
Supplier B,Beijing,60,608
Supplier E,Henan,94,847
Supplier A,Jiangsu,61,965
Supplier E,Heilongjiang,74,956
Supplier A,Liaoning,75,439
Supplier A,Henan,75,540
Supplier A,Shanghai,87,593
Supplier B,Guangdong,69,618
Supplier E,Shaanxi,67,108
Supplier C,Guangdong,99,466
Supplier D,Hunan,60,109
Supplier E,Henan,91,215
Supplier D,Zhejiang,98,865
Supplier D,Anhui,85,505
Supplier C,Jilin,73,268
Supplier E,Anhui,64,705
Supplier D,Hunan,60,605
Supplier A,Shaanxi,66,126
Supplier E,Shandong,86,786
Supplier A,Shandong,67,130
Supplier D,Sichuan,71,468
Supplier C,Guangxi,84,297
Supplier E,Beijing,83,284
Supplier B,Henan,72,874
Supplier A,Hunan,81,812
Supplier D,Chongqing,80,473
Supplier E,Jilin,63,371
Supplier D,Sichuan,94,918
Supplier D,Beijing,74,825
Supplier B,Fujian,71,328
Supplier C,Hubei,62,564
Supplier A,Shaanxi,63,466
Supplier D,Chongqing,90,951
Supplier B,Shaanxi,71,652
Supplier B,Henan,65,517
Supplier B,Guangxi,61,317
Supplier D,Beijing,92,904
Supplier C,Anhui,98,501
Supplier B,Fujian,82,422
Supplier E,Hubei,98,380
Supplier D,Liaoning,80,224
Supplier C,Shaanxi,72,162
Supplier C,Liaoning,76,528
Supplier A,Shaanxi,73,547
Supplier E,Hubei,91,380
Supplier D,Yunnan,72,497
Supplier D,Zhejiang,71,651
Supplier C,Fujian,66,253
Supplier E,Shenzhen,87,971
Supplier D,Anhui,91,821
Supplier A,Shaanxi,65,465
Supplier E,Hunan,85,149
Supplier A,Zhejiang,79,824
Supplier A,Jilin,95,450
Supplier C,Sichuan,62,282
Supplier B,Shandong,72,836
Supplier C,Liaoning,82,704
Supplier A,Jilin,79,242
Supplier B,Hubei,64,242
Supplier D,Shanghai,71,682
Supplier E,Heilongjiang,92,987
Supplier C,Guangxi,60,533
Supplier A,Jilin,77,618
Supplier B,Jiangsu,61,884
Supplier B,Yunnan,65,719
Supplier B,Heilongjiang,71,561
Supplier E,Liaoning,83,242
Supplier B,Liaoning,87,853
Supplier C,Beijing,95,316
Supplier C,Jiangsu,67,236
Supplier C,Jiangsu,69,854
Supplier B,Hunan,60,162
Supplier D,Heilongjiang,82,919
Supplier D,Shandong,73,419
Supplier C,Shenzhen,78,836
Supplier C,Heilongjiang,61,865
Supplier E,Shanghai,66,728
Supplier E,Heilongjiang,68,257
Supplier E,Heilongjiang,73,845
Supplier E,Chongqing,72,899
Supplier D,Zhejiang,61,252
Supplier B,Fujian,87,347
Supplier A,Zhejiang,63,295
Supplier E,Liaoning,86,594
Supplier B,Guangxi,94,735
Supplier C,Beijing,68,568
Supplier B,Zhejiang,81,596
Supplier D,Fujian,73,611
Supplier E,Yunnan,72,411
Supplier B,Heilongjiang,84,198
Supplier B,Sichuan,87,445
Supplier B,Shenzhen,61,804
Supplier B,Zhejiang,91,961
Supplier D,Jiangsu,85,724
Supplier D,Heilongjiang,64,151
Supplier D,Chongqing,99,373
Supplier B,Guangdong,89,361
Supplier E,Shenzhen,87,310
Supplier B,Beijing,85,174
Supplier B,Shandong,97,534
Supplier A,Jiangsu,81,262
Supplier B,Henan,83,323
Supplier A,Henan,97,255
Supplier C,Shanghai,80,915
Supplier A,Hunan,74,573
Supplier C,Shanghai,87,115
Supplier C,Guangxi,67,203
Supplier A,Anhui,82,412
Supplier A,Fujian,90,858
Supplier D,Hunan,93,397
Supplier D,Anhui,98,399
Supplier D,Jilin,92,191
Supplier A,Zhejiang,95,505
Supplier E,Hubei,92,819
Supplier C,Shanghai,78,453
Supplier A,Shandong,71,688
Supplier E,Beijing,93,975
Supplier E,Guangxi,69,422
Supplier B,Henan,72,926
Supplier A,Guangdong,93,947
Supplier A,Jilin,79,434
Supplier D,Sichuan,74,643
Supplier D,Shaanxi,94,851
Supplier E,Jiangsu,88,242
Supplier B,Shenzhen,91,677
Supplier B,Guangdong,91,816
Supplier D,Shanghai,75,965
Supplier D,Zhejiang,84,538
Supplier E,Jilin,60,662
Supplier E,Zhejiang,71,719
Supplier C,Hunan,92,528
Supplier B,Guangxi,66,747
Supplier C,Fujian,73,354
Supplier A,Hunan,67,985
Supplier E,Hunan,67,516
Supplier E,Jiangsu,94,946
Supplier D,Sichuan,71,490
Supplier C,Sichuan,93,334
Supplier D,Jilin,92,224
Supplier D,Yunnan,84,737
Supplier C,Yunnan,83,246
Supplier E,Hunan,64,368
Supplier D,Henan,94,520
Supplier E,Henan,66,367
Supplier D,Chongqing,97,852
Supplier C,Henan,77,831
Supplier C,Shenzhen,70,132
Supplier E,Hunan,89,231
Supplier D,Shandong,80,749
Supplier D,Shaanxi,77,813
Supplier B,Zhejiang,80,968
Supplier E,Liaoning,77,443
Supplier C,Shaanxi,91,118
Supplier E,Fujian,64,903
Supplier B,Heilongjiang,98,337
Supplier C,Chongqing,95,920
Supplier A,Beijing,98,373
Supplier D,Guangxi,77,782
Supplier B,Chongqing,76,306
Supplier A,Shanghai,77,934
Supplier C,Jiangsu,85,956
Supplier D,Shenzhen,71,956
Supplier B,Chongqing,78,260
Supplier E,Anhui,88,780
Supplier E,Sichuan,96,617
Supplier B,Chongqing,67,364
Supplier C,Jilin,95,379
Supplier E,Hubei,70,166
Supplier E,Shenzhen,98,375
Supplier B,Chongqing,65,810
Supplier D,Zhejiang,68,135
Supplier A,Hubei,69,363
Supplier A,Chongqing,95,439
Supplier E,Hunan,83,415
Supplier E,Sichuan,73,347
Supplier B,Zhejiang,60,167
Supplier B,Henan,89,193
Supplier E,Henan,91,278
Supplier A,Heilongjiang,64,853
Supplier C,Beijing,76,132
Supplier D,Shandong,72,824
Supplier E,Shaanxi,82,734
Supplier E,Zhejiang,77,640
Supplier B,Sichuan,94,652
Supplier A,Hubei,96,428
Supplier D,Zhejiang,63,607
Supplier D,Shaanxi,96,385
Supplier E,Fujian,66,679
Supplier A,Liaoning,69,625
Supplier E,Hunan,81,389
Supplier B,Guangxi,64,342
Supplier C,Sichuan,99,807
Supplier D,Guangxi,95,999
Supplier C,Shanghai,67,218
Supplier E,Jilin,69,426
Supplier D,Heilongjiang,64,714
Supplier E,Zhejiang,78,196
Supplier C,Beijing,95,265
Supplier A,Fujian,87,437
Supplier C,Anhui,73,201
Supplier E,Shandong,85,914
Supplier E,Hunan,95,363
Supplier C,Chongqing,81,141
Supplier D,Shaanxi,80,918
Supplier C,Henan,83,155
Supplier E,Chongqing,91,384
Supplier E,Zhejiang,82,652
Supplier A,Hunan,67,352
Supplier C,Hunan,69,629
Supplier E,Beijing,70,420
Supplier B,Jiangsu,96,186
Supplier A,Jiangsu,72,388
Supplier C,Hunan,76,690
Supplier E,Hubei,73,572
Supplier C,Heilongjiang,78,197
Supplier E,Shenzhen,62,891
Supplier C,Anhui,74,485
Supplier E,Beijing,65,113
Supplier E,Shandong,76,668
Supplier A,Guangxi,87,292
Supplier A,Henan,92,273
Supplier C,Beijing,98,267
Supplier B,Henan,93,964
Supplier C,Sichuan,84,727
Supplier E,Yunnan,96,484
Supplier A,Fujian,70,726
Supplier C,Jilin,79,915
Supplier A,Guangxi,72,280
Supplier D,Chongqing,70,542
Supplier A,Zhejiang,69,555
Supplier D,Henan,61,509
Supplier B,Beijing,85,658
Supplier E,Jilin,79,704
Supplier B,Fujian,93,370
Supplier D,Chongqing,75,556
Supplier C,Sichuan,91,740
Supplier A,Hunan,90,970
Supplier E,Shenzhen,82,519
Supplier E,Zhejiang,99,986
Supplier B,Shanghai,74,461
Supplier E,Shenzhen,90,588
Supplier C,Shenzhen,77,143
Supplier E,Anhui,79,760
Supplier E,Jilin,88,828
Supplier B,Guangxi,77,687
Supplier A,Zhejiang,76,428
Supplier E,Jilin,73,567
Supplier A,Yunnan,63,114
Supplier D,Shenzhen,84,334
Supplier B,Guangxi,65,238
Supplier B,Anhui,89,271
Supplier B,Henan,66,554
Supplier D,Shandong,77,278
Supplier C,Anhui,61,359
Supplier E,Henan,92,564
Supplier C,Shandong,61,133
Supplier B,Jiangsu,70,425
Supplier A,Hubei,97,778
Supplier D,Guangdong,79,193
Supplier A,Liaoning,74,672
Supplier A,Liaoning,61,984
Supplier D,Shandong,99,984
Supplier A,Jilin,74,805
Supplier C,Yunnan,61,635
Supplier B,Beijing,86,362
Supplier B,Beijing,82,673
Supplier D,Jilin,69,736
Supplier D,Heilongjiang,78,793
Supplier A,Sichuan,77,815
Supplier C,Fujian,89,685
Supplier C,Shenzhen,60,610
Supplier A,Liaoning,88,640
Supplier C,Guangdong,74,205
Supplier A,Henan,77,506
Supplier E,Shaanxi,79,513
Supplier D,Hunan,63,297
Supplier E,Beijing,92,221
Supplier A,Shandong,89,535
Supplier D,Sichuan,72,832
Supplier D,Henan,82,654
Supplier A,Hubei,96,338
Supplier E,Henan,82,540
Supplier D,Heilongjiang,91,501
Supplier C,Shandong,98,135
Supplier E,Beijing,71,583
Supplier B,Beijing,98,642
Supplier B,Yunnan,95,808
Supplier C,Guangdong,78,990
Supplier C,Guangdong,92,534
Supplier D,Shaanxi,62,363
Supplier A,Guangdong,96,519
Supplier D,Shanghai,76,635
Supplier B,Shandong,63,365
Supplier E,Shaanxi,66,882
Supplier E,Guangdong,70,691
Supplier C,Chongqing,74,960
Supplier C,Beijing,93,593
Supplier B,Shaanxi,73,385
Supplier B,Guangdong,73,995
Supplier A,Hunan,74,553
Supplier A,Zhejiang,95,155
Supplier D,Hubei,76,362
Supplier E,Chongqing,79,142
Supplier C,Jiangsu,94,212
Supplier A,Fujian,93,872
Supplier B,Sichuan,60,823
Supplier D,Shanghai,97,417
Supplier D,Shanghai,92,310
Supplier A,Shaanxi,80,994
Supplier E,Henan,78,855
Supplier C,Sichuan,90,318
Supplier C,Heilongjiang,97,222
Supplier E,Sichuan,79,269
Supplier E,Guangdong,76,470
Supplier C,Jiangsu,64,995
Supplier C,Henan,96,175
Supplier B,Zhejiang,94,797
Supplier D,Fujian,94,684
Supplier B,Jiangsu,68,704
Supplier A,Chongqing,70,499
Supplier D,Zhejiang,76,825
Supplier D,Guangdong,87,668
Supplier D,Henan,78,518
Supplier A,Guangdong,93,373
Supplier C,Guangxi,97,918
Supplier B,Yunnan,71,406
Supplier C,Hunan,83,708
Supplier B,Beijing,91,399
Supplier C,Sichuan,72,365
Supplier C,Beijing,80,119
Supplier B,Fujian,85,192
Supplier B,Hunan,60,375
Supplier E,Shanghai,64,559
Supplier E,Jiangsu,65,658
Supplier B,Henan,85,156
Supplier C,Anhui,63,428
Supplier D,Hunan,98,670
Supplier C,Beijing,92,951
Supplier E,Liaoning,80,475
Supplier B,Sichuan,62,195
Supplier D,Shaanxi,94,984
Supplier A,Sichuan,85,657
Supplier A,Zhejiang,83,554
Supplier A,Chongqing,75,407
Supplier E,Chongqing,93,477
Supplier C,Anhui,82,764
Supplier A,Hubei,62,406
Supplier D,Liaoning,77,814
Supplier E,Hunan,63,278
Supplier D,Liaoning,96,846
Supplier B,Zhejiang,86,962
Supplier E,Henan,93,852
Supplier A,Hunan,96,842
Supplier E,Heilongjiang,93,523
Supplier E,Liaoning,97,757
Supplier B,Beijing,78,734
Supplier C,Shandong,71,542
Supplier A,Shaanxi,67,381
Supplier C,Fujian,60,963
Supplier B,Sichuan,88,146
Supplier C,Shandong,83,399
Supplier D,Heilongjiang,70,702
Supplier B,Shandong,77,748
Supplier E,Guangdong,88,105
Supplier D,Heilongjiang,69,872
Supplier A,Shenzhen,91,876
Supplier B,Hunan,73,971
Supplier A,Guangdong,72,136
Supplier B,Sichuan,79,940
Supplier B,Zhejiang,85,285
Supplier E,Shandong,90,932
Supplier B,Shaanxi,60,751
Supplier B,Chongqing,84,109
Supplier B,Shanghai,94,362
Supplier A,Jilin,94,264
Supplier B,Henan,61,920
Supplier E,Sichuan,77,840
Supplier C,Shaanxi,82,901
Supplier C,Hunan,73,572
Supplier B,Fujian,89,845
Supplier D,Hunan,65,823
Supplier D,Hunan,75,230
Supplier B,Shaanxi,90,339
Supplier E,Liaoning,79,182
Supplier B,Henan,88,805
Supplier B,Jilin,69,729
Supplier A,Shandong,61,689
Supplier D,Shenzhen,84,477
Supplier B,Hubei,69,671
Supplier B,Shenzhen,98,204
Supplier A,Shandong,70,173
Supplier D,Yunnan,92,554
Supplier C,Shandong,60,997
Supplier D,Shanghai,63,688
Supplier D,Fujian,90,617
Supplier C,Hunan,77,816
Supplier E,Liaoning,94,201
Supplier E,Jiangsu,93,194
Supplier A,Heilongjiang,99,538
Supplier B,Liaoning,87,628
Supplier C,Anhui,72,118
Supplier A,Sichuan,97,244
Supplier B,Henan,95,420
Supplier E,Jiangsu,69,277
Supplier E,Zhejiang,89,808
Supplier E,Sichuan,73,368
Supplier E,Shaanxi,92,762
Supplier C,Shenzhen,78,612
Supplier E,Fujian,93,365
Supplier A,Fujian,94,891
Supplier B,Jilin,60,968
Supplier E,Heilongjiang,88,998
Supplier B,Liaoning,97,143
Supplier B,Fujian,82,667
Supplier A,Yunnan,83,251
Supplier C,Yunnan,79,598
Supplier C,Shaanxi,91,788
Supplier C,Fujian,69,547
Supplier E,Henan,72,971
Supplier B,Heilongjiang,98,876
Supplier A,Heilongjiang,71,545
Supplier E,Anhui,99,457
Supplier A,Jilin,66,748
Supplier D,Hubei,85,295
Supplier C,Chongqing,97,877
Supplier A,Shaanxi,95,492
Supplier C,Hubei,82,662
Supplier A,Jilin,79,252
Supplier E,Guangxi,67,899
Supplier E,Beijing,78,968
Supplier B,Guangdong,96,838
Supplier B,Jilin,87,113
Supplier B,Shenzhen,63,313
Supplier A,Liaoning,86,420
Supplier C,Heilongjiang,89,105
Supplier A,Fujian,70,389
Supplier B,Shaanxi,82,472
Supplier B,Anhui,92,521
Supplier D,Shanghai,81,459
Supplier E,Chongqing,78,176
Supplier D,Jiangsu,64,958
Supplier D,Shenzhen,94,729
Supplier E,Yunnan,68,842
Supplier A,Guangxi,61,298
Supplier D,Anhui,83,174
Supplier B,Shaanxi,97,366
Supplier C,Anhui,76,987
Supplier B,Anhui,63,577
Supplier B,Shaanxi,93,692
Supplier E,Anhui,80,382
Supplier E,Hunan,65,565
Supplier A,Heilongjiang,77,905
Supplier E,Shandong,74,740
Supplier E,Shandong,87,487
Supplier A,Heilongjiang,76,193
Supplier A,Zhejiang,89,156
Supplier B,Heilongjiang,97,123
Supplier A,Jiangsu,80,783
Supplier A,Shenzhen,77,295
Supplier A,Guangdong,93,449
Supplier E,Shenzhen,73,753
Supplier C,Shandong,82,802
Supplier D,Shaanxi,72,784
Supplier E,Jiangsu,63,916
Supplier C,Shaanxi,76,205
Supplier E,Hubei,74,658
Supplier E,Sichuan,62,800
Supplier A,Zhejiang,86,311
Supplier B,Sichuan,88,469
Supplier C,Shandong,88,894
Supplier E,Hubei,94,688
Supplier A,Shanghai,80,653
Supplier C,Shandong,86,658
Supplier B,Shenzhen,85,187
Supplier A,Chongqing,84,249
Supplier C,Hunan,84,534
Supplier B,Anhui,80,633
Supplier C,Shenzhen,86,387
Supplier D,Hubei,87,960
Supplier A,Zhejiang,79,229
Supplier C,Hubei,99,666
Supplier B,Jiangsu,99,186
Supplier D,Fujian,99,328
Supplier A,Heilongjiang,94,471
Supplier C,Anhui,72,507
Supplier C,Sichuan,73,276
Supplier B,Jilin,91,159
Supplier D,Fujian,70,580
Supplier E,Heilongjiang,90,497
Supplier A,Guangdong,63,601
Supplier D,Yunnan,72,283
Supplier B,Jilin,83,489
Supplier E,Guangdong,67,752
Supplier D,Anhui,92,381
Supplier D,Shandong,68,542
Supplier C,Guangdong,65,341
Supplier A,Liaoning,88,654
Supplier E,Anhui,75,443
Supplier C,Beijing,70,866
Supplier C,Shanghai,67,887
Supplier D,Zhejiang,73,711
Supplier D,Heilongjiang,99,751
Supplier E,Guangdong,78,582
Supplier B,Jiangsu,83,234
Supplier E,Zhejiang,79,200
Supplier A,Shandong,65,178
Supplier C,Liaoning,90,963
Supplier C,Henan,96,224
Supplier D,Guangxi,77,939
Supplier E,Chongqing,71,377
Supplier B,Sichuan,86,636
Supplier B,Guangdong,60,434
Supplier E,Guangxi,67,760
Supplier C,Jilin,87,373
Supplier D,Beijing,87,196
Supplier E,Heilongjiang,87,825
Supplier A,Fujian,99,523
Supplier C,Shanghai,93,341
Supplier B,Guangdong,84,958
Supplier C,Shanghai,84,228
Supplier D,Guangdong,74,683
Supplier B,Shaanxi,65,868
Supplier A,Hubei,86,982
Supplier B,Guangxi,79,298
Supplier D,Hubei,71,435
Supplier B,Guangdong,84,165
Supplier D,Guangxi,79,402
Supplier A,Hunan,78,953
Supplier B,Liaoning,64,402
Supplier D,Liaoning,83,452
Supplier C,Shenzhen,73,558
Supplier C,Chongqing,70,562
Supplier A,Fujian,91,520
Supplier A,Henan,92,685
Supplier D,Guangxi,70,461
Supplier A,Heilongjiang,94,903
Supplier A,Sichuan,81,500
Supplier B,Jilin,91,255
Supplier A,Guangxi,64,679
Supplier A,Hubei,85,628
Supplier D,Heilongjiang,63,767
Supplier A,Shenzhen,87,731
Supplier C,Henan,82,183
Supplier B,Yunnan,95,924
Supplier C,Heilongjiang,75,582
Supplier B,Hunan,81,420
Supplier E,Jilin,66,140
Supplier D,Shanghai,73,605
Supplier E,Shandong,76,310
Supplier A,Yunnan,92,805
Supplier A,Jiangsu,72,474
Supplier D,Zhejiang,64,648
Supplier B,Heilongjiang,80,500
Supplier C,Shenzhen,72,125
Supplier A,Jiangsu,63,397
Supplier E,Sichuan,99,918
Supplier D,Hunan,88,470
Supplier A,Shandong,64,827
Supplier D,Jiangsu,84,826
Supplier B,Zhejiang,68,250
Supplier D,Sichuan,96,915
Supplier C,Anhui,62,347
Supplier B,Shenzhen,75,265
Supplier B,Hubei,69,149
Supplier E,Chongqing,93,162
Supplier A,Henan,85,126
Supplier D,Hubei,64,709
Supplier B,Shanghai,75,752
Supplier D,Hubei,60,518
Supplier C,Chongqing,62,726
Supplier C,Jilin,73,258
Supplier C,Shaanxi,64,449
Supplier E,Hubei,63,688
Supplier C,Anhui,93,565
Supplier B,Hubei,63,596
Supplier C,Hubei,82,872
Supplier C,Liaoning,60,635
Supplier A,Yunnan,64,677
Supplier B,Zhejiang,72,838
Supplier E,Shenzhen,65,136
Supplier A,Shenzhen,78,630
Supplier D,Hunan,73,610
Supplier C,Sichuan,87,452
Supplier E,Liaoning,63,978
Supplier E,Shandong,91,278
Supplier C,Shenzhen,81,943
Supplier B,Hunan,62,694
Supplier D,Shenzhen,62,192
Supplier E,Shenzhen,60,960
Supplier A,Guangdong,82,444
Supplier E,Yunnan,80,814
Supplier C,Heilongjiang,71,506
Supplier E,Jilin,65,842
Supplier D,Jiangsu,97,810
Supplier D,Sichuan,66,953
Supplier E,Hubei,78,620
Supplier E,Anhui,87,741
Supplier A,Heilongjiang,63,757
Supplier D,Guangxi,97,382
Supplier A,Heilongjiang,73,540
Supplier E,Heilongjiang,76,711
Supplier C,Shaanxi,88,804
Supplier E,Shandong,86,520
Supplier C,Shaanxi,65,898
Supplier A,Shaanxi,74,935
Supplier A,Jilin,64,682
Supplier D,Shenzhen,87,112
Supplier B,Guangdong,97,714
Supplier A,Shenzhen,99,253
